"month","Merval","IBOVESPA","AXJO","DJI","GSPTSE","RUT","SPX","IXIC","MXX","SPCLXIGPA","WIG20","GDAXI","IRTS","FCHI","AEX","SSMI","XU100","IBEX","FTSE","STOXX50E","KS11","N225","TA35","SSEC","SZI","TWII","HK50","STI","NSEI","VNI30"
2010-05-01,14.4656236695744,12.8461538721246,37.821107290171,5.48709616398322,12.6239120062015,14.3734536921998,7.9121377319758,11.9225972088492,8.64159320861223,8.21171371057511,22.495410927884,8.97419643574527,32.7877650576799,12.4896138667771,16.6758817234417,11.7285054463583,22.9276592772004,16.5268264577841,8.36864425754126,13.2241251491188,24.3109526428733,3.86381264273972,7.34986409411052,8.06708716414475,5.54111412143687,13.1166544907089,34.6447327235013,25.1039229995999,13.4856978156181,31.4833089886801
2010-06-01,2.53340846062376,6.31540052788058,5.43901743399035,2.78285504201548,3.78790557212647,3.91159393490647,3.24574282284058,3.17389819626094,4.20822051474966,1.38633814084424,5.26545261153809,4.49085950234909,4.8630710518557,5.2804546896227,5.63473671877302,2.93788395826176,4.7354392022899,4.41852453214318,5.06530438667189,4.54501223034771,3.11701489484281,4.74100802416881,3.7596805464091,3.91907930663697,4.1485423327657,1.95659774194865,8.13243350175485,3.09435505798867,3.09058490577723,5.77729166762449
2010-07-01,3.1217374872775,6.20994066999769,6.0888907211399,1.70816332078791,5.83921212831621,3.41183425158087,1.86026912028987,2.69052512748252,4.15722965464302,0.642617786810904,7.37554114727125,2.84048060878637,6.5522369268064,5.24817382918672,4.14620239082969,0.843518517813965,3.66804635275229,6.26330306553537,7.07771413204194,4.63800921005709,2.23553078544636,5.62581597491238,4.95278625338212,2.70613463027625,3.35148389490656,1.8310301963157,8.80858816604412,3.31810751745903,2.91712752844394,3.37019249978268
2010-08-01,2.00720318728017,5.89040838480548,5.45039617486376,2.04500426662355,4.96829926709659,3.54629826433824,1.84946135822088,3.89485454329037,3.21510437993697,1.15614921908679,4.50555541998637,3.12595414890035,9.16013423566755,4.2697785041675,4.63458576050752,3.65328771109896,3.58670111591852,6.85963106514302,6.67969757043326,4.07032960948661,4.68051606721427,6.81020666648419,4.5050309282188,5.04532034669391,4.32135909013996,3.76200032768617,10.4437306862501,4.33839115682381,3.81527738599784,6.10626199573653
2010-09-01,2.75135394772799,5.75953973717204,6.90180484600208,2.14872169128861,4.89636820767509,4.56563090760665,2.91749650321822,4.9850358037974,4.25913626422666,1.49471899549932,5.54762473737028,2.787913251394,6.30687182577849,5.00529273083023,3.95976588195407,1.88970809640163,3.62932480853935,5.56889729080916,6.44801179482579,4.82946025435646,3.99094178251569,5.41340775462277,5.1637228062832,5.60640391504949,3.55177448590002,3.13958684548074,9.82724493076341,3.48520931004346,4.68262908905737,5.20362291553554
2010-10-01,3.7565083582102,5.7036778871287,6.41572979933927,3.10142542771665,6.09386056288146,6.72548084211459,4.44734141762768,5.36831728059758,5.84612774554865,1.39454543305611,5.14127381207021,3.98960642869466,6.08453247102581,6.83293005091364,3.84533420633601,2.57953634403275,3.33201232717991,6.81556755678944,6.69503883868969,6.98128154068851,4.083862222056,4.4723038381554,4.45588671224147,7.33611585377811,4.718131901816,2.31440351049508,8.18000019548199,2.79246376185171,3.34617613093658,3.70743975378989
2010-11-01,4.27090291977392,4.88241948766585,4.44864714344657,4.91130384670162,4.13851729182002,8.20325183575407,4.61794801450868,6.14118377067938,4.54274691064717,1.81993270512368,3.51755008769137,4.98933844271694,6.61963012128892,7.59339023684683,5.28782385887482,2.89125202879447,4.40846169294902,5.54194281250334,5.28262577729281,7.84697229591177,3.47160164297184,2.6264903219205,4.14677968493714,6.00238664120544,2.62094278327301,2.85763241602683,3.52368977554131,1.9033481478518,2.3250564474264,2.36654320007476
2010-12-01,3.13437781647719,4.67495298453713,5.37848517304454,3.31126100361821,2.85836403602065,5.14363307572722,3.443060695012,4.32918126218003,3.30388559581202,1.96517764502743,3.58047190404,2.79769470871564,5.89265431864485,4.29822988153841,2.43310983174249,2.08902210977983,3.5980257408472,3.6498535165851,3.54261065339413,5.22946346135675,2.70608981535605,1.45924931993346,2.78138503125026,8.11935244354524,3.64614522110875,3.62250135918681,6.37822464353899,2.6474552444781,3.88097615259744,4.63977356970607
2011-01-01,5.7787774066939,6.68430257181672,7.35909784750743,4.91308218747379,4.86750581982133,7.33270636160754,5.61413915616789,5.34952054133366,4.45196063610416,2.95363047530211,5.12474404687973,2.90691812221442,7.58177062995939,6.67979911545842,4.87982817125491,3.08812179398606,1.93004716674528,2.49080629344944,5.40559756690436,6.8512372229847,4.47558135894322,1.67737235637757,3.38353216405113,10.0356082680583,5.7594649287484,4.91366733568065,5.10236154192646,1.75230280709604,4.68293255117304,4.09994468963516
2011-02-01,3.1946264252018,4.52776043885923,7.20830851398336,6.40845952434617,6.46121740541511,10.0234616989115,7.47853053253989,4.07285154297254,4.8891054744867,1.14826753218974,9.60697464619994,6.41814152391461,5.55290315895324,8.17824208374621,6.27674384237488,3.72726715603917,4.77774549582238,11.9535490078926,7.33364219472629,10.1653478906799,7.10313113834461,2.16242866461357,3.06242695192591,5.78124895468426,4.87172260466657,4.98024177960637,5.83722738565264,4.00613663140619,2.43504237475971,3.79811619989291
2011-03-01,2.58210299775293,2.19197519121056,3.68472648833933,2.74766053570041,1.04461807045069,3.64509505869231,3.15287683019839,3.00072755844802,2.1955699675344,2.32119325238016,3.26136405877534,2.60439253589561,1.85073198001788,3.44079442497081,2.98316842079989,2.07521745638129,2.11139830118929,2.4718136599988,2.46800230804095,3.56946195395612,3.34563495278325,3.07313196615573,1.95470130607194,6.53269794962724,4.35792917737565,3.64545579902662,3.98136741695579,2.58019208136621,3.65059840899918,1.62094162259719
2011-04-01,2.26765515105251,2.00226197748595,6.25353267252806,4.58427823961248,1.50615120284294,6.93410136747966,4.75711298908681,4.77419952531811,3.06228900973873,1.64011901298963,0.995298152158351,4.19440942993128,3.17691936867769,6.25018557500822,4.60144604303776,3.29888385839142,1.37464383570887,2.29652599822504,3.77368180003694,5.97935319209974,2.35089944157303,1.30192876461108,1.23280648418146,4.45698005021703,2.78090373959778,3.66384300767218,2.73500299692875,1.91962752566249,2.91112883709555,1.13687717735348
2011-05-01,1.85379885941793,2.7861940431575,6.91689318480575,5.9967551164304,1.0887970955539,9.25131289487777,6.11235919482652,6.81602964571114,4.10887327715074,3.36283737905163,1.95944262469802,5.76686136064749,4.29794670340866,8.27250608992665,6.51287592286666,5.24269372819542,3.55036651680887,3.70695819468356,4.16879449676737,7.18575660106479,5.5028463995747,2.48456635324498,1.19779340604246,6.12510381246614,4.36583393984978,6.46916250177196,3.80178523808378,3.11171990021118,3.06910261024164,2.15918393484636
2011-06-01,2.10543578391141,4.00966559473641,6.73954203122037,5.61519203303506,0.52086880099377,8.19345732778846,6.27702550825274,7.1093569342546,4.44494510363181,3.12714392409363,2.8260917735084,5.83014383954269,5.14932517464654,6.58550068353365,5.52633993641105,2.73947729322607,4.38545421903298,2.89115795904334,4.1867347384894,6.55059425711292,5.88586148878902,3.00694908930364,0.637555969782798,6.03217209007907,4.08320502256428,6.05824710279448,4.77410000265244,4.32643883257358,2.48364385540712,1.17889543804113
2011-07-01,7.56014993180191,6.63515301168092,7.40386352310682,5.51107948838755,4.81180853097702,11.0230999677642,7.58974625823427,8.6418228776372,5.23877693280626,6.84241568359521,3.33572509365103,6.77837140393301,6.4864805243797,6.09345233268724,7.09651068815162,4.22173440123086,5.77445830257795,5.30005951244541,8.65077935948812,7.02460946194696,8.64037077020964,7.05940745446454,2.62063188692296,8.56718483716286,5.49074430417112,4.96585016024321,9.71688274659549,6.29876599239259,10.9284900429346,2.30505198150747
2011-08-01,12.4700829395384,26.8034331114457,57.5679642065897,48.0989373671697,39.9065458923745,49.8172094084609,54.8302343112038,60.2419162215902,48.2849220283505,30.0374862941844,15.1734795081225,28.2771375064487,41.7485113123515,50.2683470838626,46.6313157125884,32.6197394052935,55.9306158894523,44.7655661948507,44.3875892551867,39.2655919558017,57.6023796015746,34.8579437516991,24.6903302798295,33.8326877068557,12.602127987618,48.3454970707508,78.8358111882613,55.4432787465179,82.9462738131873,12.3949010121492
2011-09-01,3.4728364699683,3.49753754448887,3.26927037372437,4.0367653951763,1.66413667556532,3.32097854054698,3.58766311137253,3.95528532456284,3.51871518348812,3.93640275000705,3.59839102208605,2.71559267413444,4.95255901919628,3.37815347927924,4.4734144708613,3.60962308909296,1.1112246070533,3.37860491056582,3.88385940704859,3.42481966075534,3.47731107524088,3.29808471536216,4.06234793848094,4.94928050674731,1.10657937922098,5.92650150936017,5.84953387066559,2.15148927262019,3.6300609740889,2.20580984861569
2011-10-01,6.82002703737946,4.60260550194697,3.74073135017027,5.35630278988131,5.19520596651676,5.05849879705536,5.51783806444434,7.97005256969171,4.05328640992342,2.47805773856949,3.76050466953772,4.39226717231275,6.92860127456245,5.67154548555278,4.68593528084097,3.52511150836691,2.86280609320953,4.24359984920502,4.10629664079544,5.22397572436624,5.61425015500253,5.81691696231418,5.7660444739946,4.55761807072232,2.78043597034261,5.24602836782629,6.65107255492572,6.71179138990678,6.24035407528057,2.32184565707825
2011-11-01,6.70322529865271,6.85108793027766,4.21074399727143,2.76966710257056,4.73030424083743,3.45692004776574,4.12062256588294,6.23640233980012,4.71601107185726,5.89973642610577,6.28747536403766,4.07414212954916,3.5952784102457,4.38377297941042,3.24155932517149,2.41848556813676,2.45400018931789,4.58948556020931,2.76148460378601,4.68223892653222,7.4406966791424,4.1634222160736,4.96907090279864,5.33609091151717,5.4128526515658,9.0650391301033,9.92290061369582,6.41228924053971,8.89079920888744,3.55061621507225
2011-12-01,5.94366371095778,4.35199622278798,2.29035119429902,1.87595835486007,4.75401214950053,3.10182260526058,1.82412277946774,2.32174236373587,2.210474794317,2.98558898315481,4.31119538171497,3.32936774914886,5.56107695779134,2.341418138289,1.0281525731037,1.04299165492925,2.16198953448272,1.31252163908165,2.47021602626149,2.31285799749255,5.72055245426239,2.51103381035482,2.81442147156229,7.08686450852312,5.88892587608324,5.72955785486823,5.62576396046944,5.37476189776006,7.24293797864191,1.83310705272467
2012-01-01,8.76526502680776,5.31505019280941,3.72754505705478,5.10430343394515,3.19749959684274,5.37059359008058,4.43970902358131,5.66557080961598,5.58451539075728,4.95385684001705,4.34262936582603,6.24926824158612,7.07967613095034,6.9921297150065,5.62606854032614,3.39569225554459,5.96312013338797,6.16731320255073,3.83072683206267,6.02294272620936,7.83308625495828,7.3142693685508,3.50938898152086,8.49741059319823,7.71844574243819,7.60527714143834,7.59862638748283,7.16315429751042,9.54138140100643,3.96566191460933
2012-02-01,3.84894619353465,2.55472035674847,0.843438987340718,1.39869155853155,0.856403234188451,1.10485243606395,0.93221680424148,0.991006311679643,1.89704193190843,0.992414128622298,2.27990730001841,1.57539161251842,2.03103200244033,2.21730054224455,1.64657270650729,0.614792513817836,3.28603371926816,1.88728614673963,0.837709080474117,2.46958447096765,3.60595604138133,2.86387465177623,2.28047484164549,6.83450114265674,6.09532553280657,3.38162096011336,2.81534221249311,2.25697096841584,2.56916690824924,2.61840739283896
2012-03-01,3.51404513809908,4.71798772066607,2.32281480332339,2.1952146876519,0.539267673358341,1.23654937984147,2.39061777392661,2.19209559994363,2.38249880287492,0.450071236556915,1.07439762343862,3.11546464848077,4.03842947772213,4.16884690697214,2.9267861891701,0.812795219147222,5.0169962765896,1.6732214772386,1.64849229769347,3.56309400153655,3.90393095372121,4.99246627338232,1.32728291802164,4.7900503319139,4.95629969759069,5.85321493046261,3.54951838605699,4.38109018349617,3.88209744549947,4.31569195993372
2012-04-01,22.5579674911701,14.5331868000473,7.5433372987602,16.3766371960759,12.5711153952541,13.3755171964071,15.4888491021428,10.1036458627321,6.02989806048731,12.832407354914,12.851920631138,15.9790450354945,11.5605428400234,17.0540464285197,13.1504797461735,7.56226233250716,14.0382204696118,13.5320548127333,9.9323082598878,16.2220054887873,6.3514399871843,7.25269748993171,10.6885106523071,5.13197248748812,10.5531369959727,8.45491372929896,6.26778181655271,10.8046076776713,8.9693222578751,10.9395066553968
2012-05-01,2.54633177967225,3.55114608076025,2.85888824905474,2.4131158563423,1.79932524782824,1.36039757569941,2.14844278178977,1.69829349050134,2.68069884059222,0.521039174598165,3.56771690588163,2.22076769731994,4.37330894736946,3.17108866051599,1.70956435372932,0.669457436312641,2.6646551751468,3.98034012770113,1.33633139337155,2.91220563994357,3.32610686209751,3.88924492242228,1.67996705475125,4.03440263940361,4.02275534033801,3.05300469003541,3.79783955287262,3.98696602072516,2.62943800468638,2.85031175246015
2012-06-01,2.18009880363419,3.64551883469326,1.43113919135628,2.56660297827601,2.9162652849918,3.19673115919323,2.44460721621996,2.43999740639522,2.12022565568092,1.49242961440809,2.17749275620397,3.60707258773925,2.32780242784502,4.21286860467393,2.97932742258561,2.0638540954928,2.51709569792408,4.91040926754073,1.91267504555579,4.12094360407454,2.41451892561892,3.01771485771791,0.629669794472247,2.97235566545121,1.25429420100618,1.86679171233355,3.14642626693838,2.49034267471487,3.11898867183779,5.8737149289505
2012-07-01,5.29889734105566,4.38401110075391,2.19682118502715,5.04788136395378,4.08205408895232,5.4351595043694,5.65644722404731,6.09118271952022,3.3915946185897,2.10635754082547,5.09297440107021,6.5334350163244,5.35701757377539,7.66237904283181,4.17410183428629,1.27476059169494,4.39228347156834,4.84588936191519,3.97382128497595,6.99869268046015,3.38944979472898,5.03571593592612,1.06194679477338,5.15658397702038,3.43371455883602,3.76175769748918,4.30071295275316,5.09510529363229,3.54895885154823,2.37813381932816
2012-08-01,5.55650577902179,4.43634535669055,2.05753211147232,3.36316401331306,3.67403568333875,4.40875417145766,4.43272561423703,4.88854087027195,1.94182788137225,1.08253020218945,4.65041791576488,4.45136768659066,5.27281013268182,6.2699118509184,3.38879547002029,0.986759386300885,5.45852528029897,5.79291950318573,3.58425000396748,4.98595902460045,4.50375615571851,5.69517899111741,1.08999125483485,3.66698297422551,3.1062424919688,2.920046813636,5.08108349361863,5.08345758774377,3.87248084688916,2.76123188232449
2012-09-01,4.82515387663302,4.35041835263891,3.00852485311581,2.34796400740289,3.57297816852594,4.38476393948932,3.42824742641729,4.27569548248208,3.51382356904093,1.04766038207276,6.19402129689422,4.29988669979872,6.31861323361782,6.3318382398118,3.56003067801758,0.745306118171851,4.27031424981593,8.47137511838632,2.96649874176516,6.52104173622949,6.48049205773129,6.16904594279839,1.1362729662928,3.70129530801727,4.08580008280172,3.99278034340939,5.2187156444704,4.82673925498973,3.04945573993392,1.69324818268494
2012-10-01,2.59873904642559,1.83760906822367,2.31258544394932,1.58216737344615,1.97098312298154,2.98237022126208,1.82996487422371,1.99401596318231,3.62220440988205,0.724825413234398,3.60533593167092,2.09908837052722,5.28827889504752,3.48723476997437,1.41480199172497,0.692232439153602,1.59898220786458,6.51314479787309,1.78055599327109,3.57562026074879,4.44683419062162,3.52469229943507,1.28627194004969,2.01080278720802,1.90929579699312,4.16225922442655,2.29999957634723,2.41710232633271,1.86826938398832,1.21107839833069
2012-11-01,3.2129380776915,3.77844779715849,4.41490908009281,3.44072451029148,3.5710189769479,5.00892603886987,3.81263526257189,4.00193090408634,3.29513417580678,0.612058680763357,4.80510471586508,4.46703756550628,5.87119949659134,5.62108156491544,3.00593376470471,0.885610105752381,3.54811997875668,5.74907997604087,3.79308895089962,6.89968224142036,5.01049046632603,3.9534869685693,0.266326784154231,3.33273855300904,3.01171183247795,4.72907613136351,2.88618119871076,4.31665141656533,2.96782968792283,1.72445651588475
2012-12-01,3.86865355142256,5.1904539894298,5.3054111257022,4.14121407670637,4.24983329274258,5.27574925924748,4.05084595205929,3.97164126421309,3.97364475644242,2.1485485649391,7.25123403212457,5.15834996611714,5.10363962167346,6.03121869148618,3.31128647764299,1.78762077649749,4.6648374084091,5.65904838864651,4.85684919899143,7.44392319681982,5.56795697933142,5.12571041770653,1.4701635362932,4.60851630290433,4.09486946343761,5.76360464555934,4.88026920536397,4.20080534893637,3.63692248847546,2.39411711376019
2013-01-01,5.26908547342853,5.17971926060028,4.49160943560453,3.96576417009514,3.69592330330944,4.37208335235656,3.55894960204451,3.13710745095538,3.5514824169334,2.94961410902486,5.26207167248425,4.47470822962876,6.92209671746306,5.17111639819404,3.85636796237947,3.46111780988222,3.50488802533684,6.27099686929108,5.06574874986159,5.62313196420207,5.30857890030339,4.74698628780896,0.540004866026752,5.20848689852206,3.14117611344904,4.1767358295215,4.28941240325617,4.24887514036164,1.95473245883558,1.70033022136335
2013-02-01,3.68810585738609,4.87023333390005,2.88995298484215,3.83726608746888,2.32875311669631,4.02582414450167,3.86944922807536,2.47346807987555,2.00650202913788,1.50878378519031,2.72681915113908,6.08061909542885,5.06615917382273,5.10842326438613,6.61983626670265,4.06939077762202,2.97859257290525,4.00053904592421,3.70108764497588,6.28732635193915,2.26677249291521,4.21548180952017,1.16856137225997,3.62550932674899,2.32399766639709,1.91977001664998,6.2320348860835,2.63481908403888,2.99082745288865,1.64297678734739
2013-03-01,4.92103607981979,4.83395261087385,4.08281409892161,3.98204156544936,3.20625828330098,4.79742238067871,3.66118899166271,3.3700653076527,3.3970819872209,2.56296750837477,4.73005452686922,4.57022667269376,7.02487717408501,5.56332133980015,4.18308369524058,2.8243459052093,1.65045965289224,6.08589238873908,4.20153690206054,6.78161865180815,3.27722542201485,6.38740137000208,2.13610433674637,3.94895990588677,2.50250202041894,3.13916078767866,5.20673024361954,3.4051273819807,3.57161327782188,2.44709342186368
2013-04-01,5.7243499203406,4.42356985845615,3.38290165319259,3.88243784124737,3.67628110023791,6.08780513520931,3.53185502185379,3.39472887994146,4.07077463218427,2.22971370298198,4.45120713658493,4.44963286609834,6.39768053620806,4.69635923021031,4.07899241180054,3.49782566194671,1.82381772206295,6.70775160785242,4.89079755432224,5.85025954586702,3.38919117306931,3.78969011967424,0.707848671878351,4.13989629794525,2.28711457711774,2.25663112354462,3.48130636661277,3.71524221762041,2.58243288873027,0.532261936476839
2013-05-01,4.50629321444557,4.07200654098138,2.53815573639057,2.64829068243349,2.68774501670952,4.14417574205867,2.71377858337668,2.58535306103339,2.65984384008148,2.89008320598162,3.15903272175725,4.07010854878698,5.18416454063496,4.47696557655256,4.31281687982184,2.55887415773558,2.65155715214615,6.420921632227,4.01081098185695,5.59549889405014,3.09694119375328,2.65665846537184,0.76681465299575,4.75928250670206,2.11210105833137,2.39244601753196,4.14514569346682,1.7685115004578,3.16640803574107,0.7011184697119
2013-06-01,6.33717749833704,5.75484323330575,6.20160761872184,4.23162869186076,3.7209984518401,6.42271107185313,4.58539042088653,4.85841701003708,4.16769294618403,3.50876396771294,4.7530160413144,5.6091020621464,8.27773295952186,5.70269411317894,5.79351878206746,6.00331659917529,3.26054718568326,8.27084893248449,5.57016984398966,6.09815991852736,4.57688737613834,4.59368242353523,1.24670344779774,4.14187094487783,3.82849006100846,2.53655318774047,5.58136796457326,6.03682340943606,4.70385865403104,1.74088750773737
2013-07-01,5.35105953699578,5.28154257829412,3.02285821962948,2.14133079640454,2.59224924814416,2.14568636929191,2.68620608805652,2.67451572689302,3.04095690990411,2.69698667370959,3.37320651109579,4.0548090665144,5.70319812131166,3.40798178931048,3.77936323403907,3.26338714644367,3.39859058258017,3.75517164605914,4.35314199814658,4.07305438350788,2.31898719404734,3.14414868276712,1.86978966919098,3.60414067385619,2.54426356277402,1.64575771701949,3.93422960772628,3.08123928879826,4.02820567586143,1.27462178459693
2013-08-01,5.38882560458049,2.83333461194943,1.98424665731131,1.96076266979385,2.27394323546173,2.00646481166717,1.94420391367583,1.61725794918059,3.79499323146159,1.98763595813937,2.88871141640922,3.7613696905749,4.61554392809103,2.45903896714994,2.41224729300907,3.09927498477163,2.66077947826086,1.05247563733034,3.10523236124576,3.25188403560148,2.77091855637208,2.60286324933352,1.07987063501117,2.49912090531636,1.02654945072917,2.92170494434361,2.00053309073384,3.73092168362118,2.21792565115747,1.48478104294317
2013-09-01,6.66122193849841,4.46565548324227,2.02767336845887,2.27560363375837,2.73153923948325,2.45387515156319,2.04214208142117,2.40942239605585,6.14765111272742,3.12508835529206,2.59386735178781,3.94658345076872,4.20700295874667,2.59182316743367,1.8275727563501,4.68928773595159,6.57212988524035,1.37408051901615,2.78017486226628,2.8255816535402,2.28409162083609,4.49881639570094,1.46486453999296,3.23209717211254,1.27817985184709,3.61223405252642,3.4948651708668,3.69376885904579,3.04371252383373,2.58449758465656
2013-10-01,3.01905343386311,2.720089134721,2.45544549055709,1.84576095685226,1.372601725203,1.96215491215991,1.82427687059912,2.05591627064303,3.29179660795429,1.70788451732523,2.237811133929,2.75215717101373,4.73353107377013,2.64154818476279,1.88881881809248,2.63187859805535,5.06126283692681,1.84761490356626,2.29314206815719,2.71352253157889,2.55506908300273,2.99876120076904,0.957283518003016,4.00938053258799,1.58891611981584,2.25673400020311,4.02560119414515,3.05198014595584,2.53109799931165,0.952099921897211
2013-11-01,3.08335294772976,4.25212137937262,2.9175945473391,1.49653828345487,1.74385213822692,2.71980208478769,1.90806121139227,2.78284985642056,2.45523187407642,1.38683194511321,2.36824916851517,3.08134667964989,3.57995655505198,2.6504238131443,2.08952820399414,2.00722999815653,5.62394260997572,2.27269000482368,1.78197476632312,2.99537358942875,2.18974637635764,2.50046706803064,1.28592404412448,3.09603672390408,2.94745074849902,2.04704349459104,2.98035022226764,2.07730585195559,2.79939577839177,1.01929980833708
2013-12-01,4.82802046166459,1.92963809471937,5.62183116621363,2.25076971426641,2.13504652701618,2.95736307936062,2.83625142237871,3.37943661207766,5.64092320023139,1.04730823009384,4.52681430941187,6.19567104031549,3.70998795550091,4.52059562910455,2.64997857937943,4.17691795496186,8.40086255482285,2.49164646031024,3.16779855726071,4.48280390803721,6.48562997779266,3.88730184382358,2.81575256583692,3.60628509517876,1.65356618532796,2.62954060860628,7.31054793966622,5.10268041897439,4.11392220255732,1.41557986852163
2014-01-01,5.67925439331666,3.60339195242359,3.4674759084293,2.15674190401639,1.29668691311197,2.6634658316684,2.42159170417957,2.28167125680479,3.57392376097444,1.69456896989963,6.62183068015783,4.78146021336646,4.82023130256305,4.6733887452185,3.29622311934188,3.68023533243871,4.61006635446709,1.98025339843589,1.70914364763902,4.24377761575301,5.96208636358396,6.8500888022068,2.23289259884728,3.6534140544864,1.72579009031748,1.2815331390738,5.2317218303684,4.42730477455124,3.42429858467088,1.83549108978363
2014-02-01,2.31519076586494,1.79234951920162,4.392809162007,1.08774552656689,0.713820254798894,3.66647666260483,2.2520933386119,2.5609174101118,0.767208951089865,2.21608990451641,5.0777807794548,3.41759660280862,4.52625278050203,3.58265187870725,2.11403097678386,2.02265127587584,1.29218370911108,1.28863525520994,1.14154172223992,3.04579557683436,3.26897890378408,4.28711044881549,1.61249039478561,4.59532292132475,2.32814383196151,2.08156635351516,3.64280839114468,3.2870305696022,2.86318331588475,2.75572160671029
2014-03-01,3.01064261529494,3.76109017788322,3.34521562239697,2.04870793158997,1.53259253846852,2.65732182672802,2.13738148643458,1.9318420032247,3.56268948533269,4.23866955313691,4.96214943207275,5.59148948095451,7.04355407304639,4.86551720264157,3.97268715746263,3.43113356278245,2.15045658362095,2.26904307853758,2.43366942819828,4.84727535912976,4.15386362139697,4.07046815940572,1.23330818448562,5.34142967162564,4.9155455077205,2.00536683480889,5.25347038188642,3.93416457543352,3.83594147358806,2.96432455156047
2014-04-01,4.25872320553046,2.89979052099989,3.55043125237083,2.06327078705637,0.917103175343525,1.55942442449819,2.13090257096669,1.46091728196285,4.62593672976211,3.05397250374789,4.98380965947753,3.38539266114269,7.41648647531037,4.14743251128321,2.99082627371226,2.74813139680946,2.07311791195314,1.18165164291835,2.13166201253399,3.83050890288959,4.10680749759248,3.51761347889169,1.64190427002973,2.93737489914214,2.76550371110943,0.562445076396123,4.12354025422751,4.60903619493353,3.38610201220336,2.71852816123931
2014-05-01,3.17863804964457,1.77883166304568,1.22489774815889,1.49097565718657,0.6903362147434,1.90680190368368,1.80053406435602,1.15635681570744,3.74434654495052,2.41603563243847,5.52334928635425,4.4080924419671,6.25707910219063,2.5516091026616,2.71686709714274,0.812052806699479,2.03528005411269,2.31800203181515,1.47922161117991,3.62847048625695,3.023465528022,1.56292497890289,2.54922602092939,3.96910091986373,2.17602942597309,1.3274015528381,5.80283881434766,3.84763235586249,2.42021600942704,0.464830296414658
2014-06-01,4.31914374493134,5.2432319816045,1.49853023507622,1.67295778610004,0.799020582823947,2.7587380222576,2.20658444649333,2.45422469490418,4.39206504636618,3.75437559981843,4.40336048426656,3.33660711917566,5.96149921354602,2.16812136926153,1.94530323795884,0.67936691720265,3.59132760977225,2.15104387198423,1.46885262582651,3.11036121795756,6.30810506895113,6.21640898824451,2.26167210506352,8.38241273261585,5.13845378999453,2.62093036197256,5.16697183417852,4.01962145168983,3.03619490387181,2.62871105214373
2014-07-01,2.50158350621951,4.1722887093764,0.782415099650828,0.868378638019612,0.107756635741697,1.51381042460437,1.17391668730979,1.14517386720107,2.44798440276892,3.39520402566949,2.40423894012828,2.59368540106385,3.70581441813271,1.66705821001973,2.52744081976791,0.682992791892138,1.34590422044855,2.25728656234554,1.22535322246107,2.53287700850744,3.01216852388902,2.74343120596733,2.44684422736926,4.02905419572721,3.79565876480256,2.03833129278475,3.97439238199782,2.02731077673427,3.17750086123366,1.448960945223
2014-08-01,3.02611527060287,6.95262912924439,2.98617964227134,3.13841233290023,3.03085765124602,3.22570624777357,3.28156453153598,3.5177858110328,3.52826747007811,3.76092245189594,5.16912765636013,5.74722857934495,5.91168298229333,4.36216541540406,5.99139264180019,3.31487915801124,1.26631090645808,4.70271006783804,4.0779267728641,5.41687439227361,2.55374157351082,5.44064973632852,2.23289896736596,5.30481921433047,5.73428008452345,3.72739107868908,5.77846015884731,3.35268032445997,3.7019939447795,1.99271088495193
2014-09-01,3.37050033374785,3.79081854069288,2.47265184634882,0.779603488328982,1.97764665070315,2.4828800216876,1.21080583808789,1.19564032363895,3.72670938527074,3.83617885121635,5.64100821887192,5.63543377655069,2.85267257303225,3.11529030006361,4.13022330168423,2.17457172948348,2.1220347882684,3.6318409284685,3.24871632547584,2.87283258736934,4.09623466025334,3.64025840372644,2.9348355612048,6.88103678661587,8.95235983144868,5.00990051643969,3.54504079793736,3.30635421863942,3.86517111005469,1.22607820655169
2014-10-01,1.99010845610808,3.11855481149413,2.9098300863572,1.84713414876887,3.18611455790569,4.40777578822607,1.76841706961569,3.0213078674563,4.69655547004026,4.84988561808507,5.50349887991227,6.97090067204022,4.34242558883476,4.10415532427398,5.86241617832615,3.30382309113073,1.81754008795543,4.12928830788031,3.02395467049734,5.72416325667251,3.03105069214542,3.82959334583875,1.11714191658683,5.20693080945045,5.91564709120347,5.80047905669784,7.39642842643054,3.75050990488788,3.16691843017409,3.19368603265315
2014-11-01,1.85820558539095,3.32749594340454,2.17538241119145,2.07733554309592,2.80495635445852,4.8029037829898,2.0737685810598,3.26692342697048,3.70604291091175,3.72883148777312,3.72984683721005,5.69000515400374,4.84532836186303,3.54447467045575,6.26521565778586,4.08228611738935,2.19159928806881,4.8484951996661,4.80982031627691,5.07032203828924,2.88754607494852,4.88752647230139,1.43824617091312,6.38123207618455,5.38932451869669,6.56749751778119,5.91230254842544,3.42866115616089,4.16177173017495,2.90832593980303
2014-12-01,2.47646631804378,3.29680161027289,3.10724261027125,3.90732232038114,4.44871973369252,5.88734934019263,3.46724781983976,3.63629759824797,3.47934461531079,2.58187141781488,6.83858897832551,4.90004857569091,6.38392761530686,3.97895644650199,8.33562882100756,4.86250912271715,1.67302584168341,6.71121809205209,6.47226807231336,5.2487716501761,4.35009884538329,4.24421870526813,1.84418634897081,4.93545334480652,2.9988110701943,7.86048885589591,7.69174406702121,2.48527353905169,2.7208654428808,3.33775235580232
2015-01-01,2.56501583026168,1.94741914802535,1.28070373228749,1.59789873727838,2.25696676143809,3.61828654250528,2.21802836330327,1.63794785179534,2.73274263353249,1.43545921340916,3.46091347484465,3.63563543434248,5.40287598154683,3.7923851972914,4.48544117579644,2.99368710880944,2.05854990192223,4.69856875678678,3.49498683584052,4.2165019809269,3.46358713190835,2.0478844762874,2.88493738095949,6.8032266423659,4.89143259199936,4.88480742310861,4.61056420842326,4.31333864193933,2.68590123604534,1.79532533325979
2015-02-01,3.5970161981521,1.3386400723042,1.23646755095086,1.49047184507567,2.25358335528327,1.99216448435447,1.6822083491581,3.02920618372977,4.33712651072172,1.30839074996328,5.25816320591002,4.86636061087734,5.92260235440063,3.5932093438632,5.81170853087839,1.49723453087517,3.54252669937784,5.50414807411904,2.37756413599215,5.29421713101785,2.95701229835367,3.78179045017891,2.90100856986029,3.36175436556849,6.70189373903286,3.46888073487075,5.75299745068948,4.66521418622322,4.20277920111391,0.892701456072451
2015-03-01,2.11674495502783,5.84267239437759,5.87021968407565,6.42153786883909,4.69607139980534,7.01843477178379,6.54528733353164,8.19483838233022,7.45902101643551,3.1633739496184,8.96562703414746,6.12159305432704,7.3327090175641,5.86366017999115,6.8866329637235,3.41600364705021,3.89271798036854,7.84529580945451,5.86228467994978,6.21684419311841,6.29395670308498,10.5075702469431,2.73556725636004,4.89866724651699,7.5913192896921,6.03715243793027,4.35641176170847,4.00183000516925,4.37526738265665,3.16942367657432
2015-04-01,1.42715799655703,3.98614230629324,1.68654998422558,2.42219904346454,2.52138997676148,3.15264873754995,2.44516112347046,4.16420527006013,3.25442822699807,1.55248527550796,4.22929879278828,4.68351209890514,8.37257375161859,3.84150322233225,5.56610142002302,1.74649252089699,2.52671571904359,5.31127463194545,3.4302854128252,4.70101850207548,3.86163461779609,6.14652126491304,0.634909618688357,6.45454258396692,5.48820320171958,3.83066749895856,6.86982525642981,3.38993905223478,5.3798401034064,1.82380262571402
2015-05-01,3.42952756915613,4.88512127475269,1.86618679343758,3.68970157058191,2.40586107161169,4.05527229945622,4.07936604824651,5.77282842916335,5.33317970070477,1.8100277354501,6.231737231135,3.91029542507394,8.55679127080042,4.64485901986696,7.02884285882433,2.6910751147148,2.01544709599956,6.16330191943376,3.79996135787926,5.73841314851255,3.29501158959245,5.36677085135915,1.61926750707164,4.78865683473242,7.06002236344619,6.92996777332387,6.08122242374078,2.90420806821392,4.67199922140587,1.58788680796021
2015-06-01,0.419982582344005,1.53882817596143,1.12956649137551,2.36122833369992,2.6615478151481,2.39144169405142,2.25364050900248,1.56701695189225,1.6755775056872,1.21537592614538,1.81958822526493,2.81628632828872,3.6150780713258,4.20820743028677,4.662192068703,2.5069297327495,2.44385895724076,3.75954260193231,3.30139613731893,4.06237981218187,1.58754150377482,1.8922260461256,0.926579182911639,4.37179482420774,2.51021625118993,2.9216673249936,6.80106664243805,0.51104630687769,1.66164381260935,0.512898169958364
2015-07-01,0.91921593473898,5.90336673355908,3.28665980837555,2.41370749766071,1.19474933825206,1.77425990401632,2.447567231178,3.7390663889142,2.4875616789285,2.12854767089717,4.89406409911618,1.94876999876708,6.43433656177262,3.14884917180744,3.50904796972642,3.79691912764687,1.58247492913477,3.3356132845219,2.06322224741844,3.99174733264594,2.2679211380206,3.30440804474326,1.58676198135712,4.27385152328366,4.98633768875522,3.34861537761599,5.85508475626906,2.85364390184126,1.30328005595391,2.52559728270336
2015-08-01,4.34187062134409,4.35144689807568,4.36213862367686,5.76708196659787,2.50173999387329,6.40340198642219,5.87093283417636,7.47113665935846,5.5364313880572,3.20447272027478,4.78213098104159,5.06448883694837,8.99512509810661,6.30976532322329,8.34624856447966,6.1593772654664,4.60168085904667,6.18615978120969,4.01242171019255,6.27935563310664,7.23414875029951,3.12827029294782,2.77823625432124,3.21401147987672,5.50654594382445,4.11328324236808,6.78426862213298,3.9902172238267,3.15827891000372,4.3903680145582
2015-09-01,3.05843240943443,5.32135935236816,3.79695551433542,4.56009983698477,0.959659339414095,5.38974847947545,3.89177435391127,6.43795665932617,4.96370582707066,1.86734778071286,4.87021890911155,3.49781107554418,6.2982210726204,2.81843856493932,5.88152427926389,3.06294163339342,3.01281442174074,4.2564812077025,1.08626935946462,3.4883118035685,3.91647711490324,3.42039301401991,3.51782283708057,3.50911974830641,6.4793809128938,4.68608573992576,6.18573747417738,3.77739386118979,2.09993949788849,3.25657926988186
2015-10-01,2.18938555882111,5.66507936706678,1.53619492188802,2.6924653263397,1.19722710659021,3.94262308049535,2.67202810260364,5.13244582590879,3.67347053601417,1.18410255064822,4.16782342338602,4.16891088291304,3.75035336593096,1.65392153229055,3.08252892230507,0.951568216703189,2.2730455698166,2.36834023703859,2.26935011057027,2.96929350242736,1.38930010392152,2.18069526568207,3.11437624445855,2.12880341615522,4.87536342714863,1.12183783089205,5.30795626438874,3.95512908755877,0.604540979579072,2.05983732083396
2015-11-01,4.03818238762159,4.37747901934089,6.23220332025255,3.91355682653405,5.18818351289508,5.43559615424049,4.19766561182315,6.93626836837525,3.56380519054586,2.15564282643519,3.01759017219642,6.17319288749982,7.25128808094317,5.7281048928792,6.3640705805499,7.911659642488,3.33156453352129,4.32767273774762,4.54511653027544,6.28597333095093,6.28020164694875,5.74723214779516,4.44431964629664,4.57873859240132,6.05781266239444,4.52497574834031,7.21757364831079,4.45405568190676,3.8421941169373,2.34267933466358
2015-12-01,2.22388659672418,3.0696471205743,1.97034462348532,1.37414542756694,2.48576246629773,1.80986170738421,1.5646695360837,2.49521389198311,2.36204147426085,2.19021251044979,2.18724239051272,2.66771733415402,4.23691729127336,2.67329816265454,2.06132047573175,0.931513370811687,1.90665429409365,2.44137562462946,2.88255091816261,2.59973287378323,2.59541757075243,2.8004877609642,3.26608907836036,2.27424266285343,3.03690540894267,3.77886301623644,3.90489415171619,1.12714216706172,2.50111131889834,1.89882139817927
2016-01-01,39.6155724749951,7.99497893933813,20.7698697371631,16.6192160344485,13.802364715633,37.1915590812718,17.9329902734337,32.6939279651583,29.1989896394797,33.4099208686148,13.2117703725029,63.7606238729304,8.40752919188154,71.7838044888532,49.1164313300503,41.4066052657264,23.29011522852,11.2636267381959,19.0127112012923,58.8900291140635,23.5727154876268,33.473783217155,31.4680185810548,13.402190973676,28.5219142089126,59.9236380808947,27.6599664991703,34.3731162342119,32.4142897153087,4.13935878321088
2016-02-01,3.06462848532076,5.35812825780088,2.61655979506705,3.6167235793271,2.6070397744767,3.4469657556792,3.32788682247337,4.43381779768482,2.44801512075797,2.8360869576701,4.08269265175469,4.9429269382812,8.47531905022086,4.12894268386594,3.26623682351156,2.07434320117956,2.99610192082631,3.91597159069573,1.82565754937558,4.10941378365868,3.05646211916353,4.1558534897668,4.83957335694987,4.49457196124145,4.73033592084824,6.24649641560187,4.26537875949,2.95378808214458,1.62354847976751,2.39180907306382
2016-03-01,2.88583413861516,2.29147611225622,3.4309885945192,4.39638413722021,3.93812393121842,4.5772507617425,4.30835493691014,5.10339385934543,3.80231031887826,4.20854591346836,4.96269135918056,5.20917026092278,5.50297051901753,4.55689044368481,5.53059284782151,3.23989833774709,2.31330142614193,2.33609739517231,4.31413618212495,3.4870990999421,2.91401195680478,3.67946435866054,2.78343259306835,2.55763188091264,5.40706482646078,4.03952554557666,4.67280883454596,2.66895230647189,3.15042821004837,1.36558946194575
2016-04-01,1.53122582087467,2.03348039272035,3.39028187833035,3.07829585353551,3.37627003662979,2.11619537582231,2.71289955978102,3.61244048430398,3.36541755225127,2.85035947562582,2.79855070375036,5.7948674387786,3.59904813611425,3.83372499223209,3.46684699213094,2.33899432341231,1.54108995622435,3.18464494082532,2.70776166477203,4.53272864551467,2.87337435081441,3.08771622096244,2.82304751506541,3.06130254581129,4.00151199157786,3.82110301854129,2.89683009908961,2.52576104426715,2.63742856804711,1.55460173437555
2016-05-01,4.63795281261804,4.34356245041584,4.94381484038137,4.82635613581717,6.5464753883113,3.95930743782391,4.81178658233959,4.72971151427429,5.8671944035938,4.78185219573706,6.97718339545732,4.56468431926855,5.94763469637879,4.48686747806402,5.54988773580494,3.0062645124483,2.76234514852318,5.16540713925885,4.11988232785438,4.00461039496165,4.41920842344986,8.08629554558078,2.01488653001613,7.43776992659174,6.95140115186496,4.25206043311518,8.21713494356151,4.13442052082005,4.08620520723252,2.50642644378499
2016-06-01,4.27713062247681,3.98876345560441,1.52549014318433,1.18070612119331,3.3479480347967,3.89758169664407,1.77719179042291,2.64726789492595,1.02955127057616,1.88089277376663,2.79833350859668,3.43119291119555,2.88384466450446,2.81451238105702,3.66656181791677,1.77525756504011,2.4209806094629,2.47175907794902,4.01577594358333,2.14846054042704,3.2392993774811,2.70048850684188,0.623352155531138,3.54583582248754,4.37263437308146,2.0917851683608,2.48156924252643,2.44253222970469,1.86393523132635,1.867291652538
2016-07-01,3.84071844208531,3.93456185555346,7.31285365648381,5.7494501834077,6.26592860806261,5.64485319315331,5.26155829784715,5.43056847639744,6.18683919232068,5.14214851121706,5.47507765407612,7.38087583281559,6.74095713046913,6.66216706042102,7.21934773964105,4.10563951993585,6.235429817595,8.07866943167293,5.07397530964172,7.16490540969469,4.82418439346498,6.09341728290767,3.00838061015293,4.79428498834027,5.07943443628602,5.98236580078094,10.5038178095394,7.57461624882475,5.70918068812993,3.40411905497664
2016-08-01,4.49781895047829,4.24417214052754,3.07939184448199,4.55690464470162,3.91046931333669,5.02291814115308,3.53387979905269,2.97797772013414,8.01803736256255,2.51020749527317,4.68053985448268,5.19306171029602,4.06788715633626,5.91382976877407,6.5541798853804,2.31709137381127,3.7781879415882,6.7253834097865,4.78177161494645,5.95886235363371,4.65387145072351,5.57191132876899,2.13050042811512,4.48226777804747,4.85467537562809,3.72570101534164,6.8547486269438,6.30309239302103,4.92910292532164,3.66738511787508
2016-09-01,6.68461379810533,4.64526096980428,4.59161578085951,4.18507783155023,3.58331676905018,4.81199829660269,4.49466286371272,4.68901865394655,4.58542141979589,4.11111153730131,6.10494251210747,6.57540880013401,4.62134211437624,4.94226564753305,5.65977405587074,4.49561307220291,4.22404715393007,5.55020075064937,4.43914644908529,5.60566377059982,3.36794580270045,4.32735312815197,1.88774955977598,2.78367771115535,6.52678413982572,4.86806292022337,6.65963260669415,4.6420548289025,3.24156449326824,2.80790448751959
2016-10-01,8.93755029057704,16.1232554017316,12.276904642619,11.335310561288,7.51971574115865,16.6654177003748,12.5499674532921,14.6436471389376,13.5880773769079,6.89516882796981,15.0438416174492,16.7789855694488,12.0425189987588,18.0164246821053,18.5354216663549,13.8231751641462,18.4264431854364,14.9952800074511,9.33639508719511,17.3806100476044,10.5550818420679,12.8815538302318,5.0070949444884,9.84481301908724,7.52927278558843,9.45531668942948,16.9266527699816,12.820387199727,11.0178278890425,2.5001729915111
2016-11-01,4.79125472573533,4.55497233812916,2.11009193115634,2.64289330544259,3.06271093148436,3.0926344993741,2.71071070708635,1.84192808260921,2.83320601224804,2.86715954409294,2.24864671084771,3.68376449777755,4.76971800239273,3.79597081941992,3.72200325522696,1.63708906321172,4.40348434520007,2.71710215107219,2.65172154762197,4.11905134373244,2.03943439315206,4.18815239081052,2.18361530985849,3.03413564643462,3.96386958308426,3.58364121867455,3.18871039013688,3.18419669142451,5.5706465023636,2.54098733688323
2016-12-01,3.43046727939187,2.50310365378824,3.28423659110262,2.35220949556352,2.87901647417557,2.63443295501348,2.22812211033734,1.83810971137256,3.52356459587968,1.18747133393369,2.87582369785085,3.57115997403184,3.40639494274363,4.46330023869151,4.5829454438574,2.02477226467207,2.6102983689422,4.18656796797722,1.50233988081872,5.05248739631264,2.39778572496573,5.60572369359757,1.89122847199462,2.58067440129553,1.3742937442173,2.85764226102601,3.19599979990006,3.33365684275185,2.88568600003717,2.97443535332163
2017-01-01,2.49072102786637,5.57439306916002,3.21806718789675,2.99622744742109,1.81450855246295,3.92943762337222,2.6723305576293,2.25554966515377,5.26515395895425,3.31909768217761,4.30412815886648,5.21572764471858,4.01605326870882,4.5936443708084,3.79269784463596,1.70741100606829,2.20002628454613,4.2235586195918,2.84864424930654,4.85810306327746,2.99349469480966,5.75505621381654,2.71548220457133,4.63124311014194,1.85168872692736,4.42908343856523,6.45422760914481,3.50350240714731,3.63041160816727,2.25026535737367
2017-02-01,4.98647810333882,4.45363546568742,5.77207152554127,3.25437149076548,4.06530726073193,3.06027215608154,3.43341121161553,3.34090640299058,4.95004375388304,2.24041306001935,3.6923479458132,4.7755598452386,1.27285181183675,5.32949552769922,5.53860299350056,2.19782211910407,2.03153326813955,4.8656102843813,2.48146837016701,6.13980626799363,2.24425613523472,7.77551052194158,2.08994331295517,4.21200077606132,0.549228260582278,3.71810558449083,4.85301705978876,3.99990969324707,2.80414052263847,1.8240572414766
2017-03-01,2.10517841274044,1.77865453161921,2.55915654836577,1.76874510416328,1.30261846295021,1.54124422967229,1.43411320828665,1.02262021335324,3.05387630387259,1.86993313053106,2.49339729121235,3.80224030043795,2.20098174863835,3.90818086305261,3.76635182250311,2.68292186051362,1.28176023163152,3.85022383866105,1.91155232348576,4.34206262271523,2.09572708346932,4.26819450523838,2.13849763363282,3.23851259315375,1.2572564366827,2.77948514168754,4.01157237743334,2.82724418852881,1.73189317826417,2.23182059577151
2017-04-01,3.18844582438727,5.67740068954612,6.31854054512931,2.71102372840092,3.81986892847192,2.25038095700448,2.49956379055281,2.62132868393757,6.82672400548689,4.38553119360763,3.62865182025041,4.21485367987117,3.27090020519014,6.32862899992783,7.24671001365803,3.27239398247927,0.863409805336164,3.63910099173973,2.59959225847293,6.25233865466728,3.02922907175533,6.7852720526138,1.57401333279111,2.69968942364295,1.74166180127838,5.15852992218663,5.62388492678364,4.9113473449503,2.92487734942528,2.07282181891937
2017-05-01,4.58932244161259,5.05689031618419,4.9168689906483,2.16345187746193,2.66412487163206,3.17926068755083,2.41484379572256,2.75518041823534,4.70504188688833,3.79291416773451,3.68569437546145,3.64614850779195,3.60869155905885,4.86225282820313,4.45853133209994,2.71213225114843,1.01556148771251,3.81416227858207,2.36740149226458,4.37138601340092,2.81865753154604,5.01055440648539,3.30951754255358,2.75320344959839,1.89933294328929,3.94528724695035,4.04912940929608,3.29697017879235,3.62068789437725,3.09035629199342
2017-06-01,3.35035490086132,5.88315055082541,3.58413910600094,1.79706911613533,2.23069406651499,3.017602667448,2.28044430691075,2.59492054136263,2.44674170148031,2.30399939833467,2.01637562694554,2.5832634293671,2.0768880057102,3.29239405512426,3.05567717414843,1.99241578295283,0.909522603502407,4.34858440576244,2.22534889412137,3.34462565718784,2.20118279258202,2.54880233466611,2.35141068866678,2.60371094390174,3.23196928120772,3.53881186730372,2.85012680617809,2.87595201497723,2.56989387917832,3.46358233194171
2017-07-01,8.73754176116692,6.95505751168229,4.7548334467384,2.73446477018365,4.1223897534554,5.58985639445182,3.69865722610078,4.56133591671143,6.58873739656161,4.46479253568335,7.59096885449849,4.18159431982378,5.83893252675714,5.45415326105707,5.75959074462214,4.11652918158824,2.82147454876285,4.97277686747271,3.65401804121216,5.07217168712291,3.22054187743212,3.88567357126276,3.52630461733165,3.92943710061205,2.85926942383471,5.11094501005952,4.79352125020502,2.63642971047503,4.29208163259682,4.00854431567529
2017-08-01,5.08114560455579,0.99477786539501,3.16737230739578,1.36181754703915,1.54526279735006,1.64585630498684,1.3957923542831,2.439392300908,3.16969112575482,5.05524608346873,6.17230927156934,3.57180167361015,4.36074128087215,3.70646545937651,3.60166288861001,2.851297223317,0.814891921098693,2.70819534724741,1.71902158450772,3.56836856778389,2.00012220070386,3.12937131533792,2.61330796996706,1.95281780016493,1.2715991758564,3.80090925825135,3.38066370134841,2.02951826731717,2.303514023132,2.08792081137958
2017-09-01,4.90373729353209,5.30907329295543,3.57124998131544,1.77154596969315,2.79230238602691,3.43434086697622,2.58200350018232,4.10237884517844,5.16734399221582,5.08407580599447,5.78456616086055,3.56886326466871,5.44060822804228,4.38588899163308,3.36819220297195,4.01826664810411,1.16488143077102,4.23453530458374,3.19767111326597,3.92401766612875,2.42330148374746,2.55985723803283,2.10781169729125,2.79456575970277,1.48177490544574,4.21033556467587,5.38971853486715,2.93030771340242,4.11156332581415,2.69202146943585
2017-10-01,3.52399796403341,3.01430308081408,4.26497066498343,2.58466029252481,3.08166996106296,4.33927128380844,2.65145703372794,4.1776803803625,2.62257682329984,5.31486066607946,6.75787788767515,4.78097766687544,5.48701633507019,4.73558566876896,3.83945223642344,4.55486671991137,1.47168407719499,5.31963910997793,2.12548500029835,4.91440153783353,3.2002436064708,3.92452596841973,2.92650432641735,2.26444944261276,1.09393024979738,3.75611705931901,2.63351273632704,2.33689450574897,2.85691781974449,3.38380672092119
2017-11-01,5.07267426234533,4.06653341208045,1.49849291701438,2.70572927809898,2.35548590924981,3.63373077364241,2.17303130358689,2.61075798883107,4.18179127066551,3.15921359020758,6.29078649696873,3.47593599131622,4.84789168880256,5.19692163439972,3.46583604175697,3.71123317123969,1.14795771197597,4.60177873316827,2.99273366246644,4.39617145833079,2.83207714223823,2.97701307371251,3.29373107140184,2.25916288773594,1.82259596634929,2.46353149781252,2.65807916926162,2.57286140267847,3.85558925371993,0.944381712466138
2017-12-01,2.60130508264313,4.84070863227049,0.658988566842776,2.45657593240858,2.29551409657441,3.12840194302533,2.12168629026848,3.37152205448621,2.81491439642618,1.7753425683551,6.73208758746083,4.67122711779052,5.99382317297954,4.6511599911634,3.25396895008542,3.58557020035691,1.8377212563041,4.17453338379673,2.25340234112121,4.22195172342183,4.54113153059423,2.56005365324841,3.49140912366137,4.09554977502794,2.30499415770717,4.69689180883848,4.58659326526458,2.49469278744697,4.1646996804024,1.42738383834155
2018-01-01,4.05787355685313,3.63916561271569,0.996724533172065,3.10517750793124,2.5134942455977,3.91688459797024,3.30755861914939,4.86708546390792,2.97838145097997,2.70925973390844,7.85606341836397,4.67415478027943,7.31117864095221,6.77888425775821,4.97593276282801,4.26055563287195,1.26533885599643,4.80884399830417,2.26257811507421,6.03289877665992,2.27947460973536,3.44874907186733,3.67608600885946,2.9672520373977,1.63194742045522,4.07968692256197,3.53415841233765,3.04667485847497,4.01224265663187,0.871525396823643
2018-02-01,13.1247327138364,4.14015757996226,1.04912930122796,7.72223182726379,6.22749754067453,4.85079552437619,6.27410404650909,9.01364575941309,6.33351065294213,10.8889974364843,7.08204891568297,6.03711822841319,5.56017273307808,7.25762502021813,5.94730044380861,6.95478372701585,5.34402655107607,3.91610071639198,1.78459887374865,6.48827777917226,5.01812066728679,4.55905058001548,7.96718084466544,5.72676319339788,7.04763454357356,4.61001293630882,4.23091782108221,6.46126696760111,3.20876173745296,2.60901112435426
2018-03-01,5.38089732340113,3.07188115735789,1.42806998394164,2.83585997403292,2.25868176850705,3.2005100279457,3.1676012441775,4.74398116466268,1.71127948773212,2.61899047372656,3.4689846479656,4.20111752100367,4.95033406386135,5.13894476462015,2.98201444614457,3.11103413346676,2.08058958181063,3.79153421487992,2.45681571906699,4.2312218478899,3.58936195945511,4.53917482541151,1.95552456661531,4.63161750098387,2.67378913110449,3.22642510757932,3.32873981119388,2.67876344589044,2.28346157967962,1.86095937922504
2018-04-01,4.19172001983524,3.37646584657387,2.20661688875703,3.45687505300552,3.08420800172845,3.74508895415868,4.09451458350862,5.57700141134458,2.05873189226613,2.80950113179594,3.95777279997512,4.71180350639685,3.52636965105943,4.65802600388597,4.25700996716567,3.81716057570288,2.5110932330217,3.82951373167562,2.85664528625111,4.72055143047738,3.10680714289995,4.20874428343229,2.5911786626531,2.93363366138896,2.21521892465439,3.15267202829423,3.75953359215217,2.67315263849542,2.79997015627159,1.86716347204702
2018-05-01,5.86211187120266,5.27576257661414,1.2032125719079,3.94094028118306,2.16405200621915,4.12336954064881,3.93390734984927,4.96042945837748,2.63351983369216,3.28862879736096,6.00001953108945,4.46776520867795,4.24296801529968,4.40757517049033,3.66580790831069,3.85922872732722,2.62081563316952,4.01046667924474,2.55437026660225,4.31761979201411,3.27543298810964,2.9393589147772,2.36592196630576,4.95448287579999,3.53635984530098,5.16161212194137,5.82924763310641,3.0678183070602,2.859727741979,2.16147210354958
2018-06-01,4.36112919771205,4.67815550116807,1.75300737020079,3.37316855151329,3.13610869973729,5.24499134270868,4.1883368765579,5.12626527294748,0.665804383251754,2.34393977679944,2.58092185325575,3.66927224119235,2.04628323949449,4.14537608203769,3.36003662663881,2.90353623325144,3.62290638136416,3.69642557767202,3.30403012258327,4.13992851042225,2.352874578539,4.99477815253168,5.38899495483988,2.61271666365126,2.88791326135878,2.19729960543286,2.65348191473407,2.31904275510057,2.40059429503626,1.71970201790509
2018-07-01,3.0668624878944,3.03726904678721,1.41635625195944,3.80183619553105,2.85736696363935,2.6155787863779,4.0496620060788,4.67062320500237,1.7804283053152,2.91762159919676,5.10486415232519,5.19194589906198,1.9417791787363,4.23004297600583,4.34570929702698,3.08680032309609,4.49865983079253,3.47110017174062,3.33112017705917,4.56266498195927,3.18279697108117,4.12583797683432,1.99538411757817,4.17414936180967,3.14954919333262,2.11193987401474,3.8751732552945,3.07073447867833,1.70801526316855,2.51753223324723
2018-08-01,2.58714882567108,2.82319468150093,0.630079550855143,2.38270399281123,1.91921924045025,2.49002369229834,2.79497538236342,3.43074130209843,1.5971641843654,2.17321409238198,3.175877484135,2.96370368291698,2.61793031160331,3.61451882213716,2.37931605693888,2.5451835953012,1.24345273329328,2.51994484353629,2.36143078891773,2.67291537354282,1.74300628066454,2.76034326518685,2.39059673960877,4.51536147192888,2.55561009902924,1.30926642876506,3.10268650708241,2.47721913062241,0.64850920253508,2.97317450590316
2018-09-01,6.60532780596419,1.9881482464754,3.29511961257481,6.03710472739691,4.04896227272085,3.49743100026493,4.8614978941602,4.58291784828196,3.37293659690153,3.61711697468398,3.88694553732219,5.33574818736598,2.99302493213284,5.22454361837093,3.80652076360573,3.26677937192103,3.6994486693762,4.14324952252698,3.21933509020815,4.62314889557658,3.03399309573793,4.60142895949381,3.11946620260948,5.34709591562225,5.66633393661783,3.13681306106272,5.00734339798999,2.46428740721433,3.09510396982234,4.33218228569845
2018-10-01,3.12023393029206,2.79447372444876,2.14512023120758,4.75736121949672,2.1271460632164,3.362416642433,3.57154052795197,3.3228852392021,1.43200742594729,4.13207990593697,3.18248149768675,4.87196973336819,1.80319745859754,2.66502668750638,3.95832936350234,2.42628286958887,1.40712881088703,3.25730513219261,2.31697280326828,3.34769040585163,0.792334731125027,1.88713592888688,0.731728039208006,4.52206005252153,1.25110080271209,2.23041647403902,4.82759548724956,2.18996562870961,1.9449730051024,2.46020448275533
2018-11-01,3.70556138418334,1.59295261988548,2.00885105895554,4.76162713550754,3.86617560807327,4.91319716489415,4.96891266141984,5.36739263763736,4.33877133608721,2.0076437094321,2.51606678796537,5.26531638675373,3.46462335485655,4.1187402812532,3.71294959598109,2.88771628550791,2.39484839675753,4.02145350180071,2.64568360763082,3.60064492668356,3.570608565317,3.50992631367923,1.68621179964637,3.41402274778096,4.36263658941634,2.61446074322023,5.36962682505427,2.60133104805981,1.56474535039092,4.77557456855389
2018-12-01,6.85058152543542,4.92218780000031,4.30448161480709,10.0652428199603,5.4320039199191,8.61882328013416,8.90989162355469,9.89565678941268,2.96613040262127,7.34676036317761,7.52194553398048,9.28698402867207,5.32361476762963,7.44742583962872,8.85908228366478,5.93643227627875,1.92248784207594,8.40016671073303,4.36184926196333,7.72807462656468,8.34697602555966,10.6364230440134,3.44814257718139,8.87876311225088,3.92264960875564,9.32808649947237,12.2021092858145,7.60329039319199,2.89148289361732,9.60188620857962
2019-01-01,4.8199983028059,3.95103183455633,3.00678716080352,6.04489431710119,3.34589047527251,4.49992106487221,4.11880796387111,4.01500487448507,2.47226619352493,4.553136822809,3.76669286713165,4.90832562824248,1.84241690637847,2.51712795930397,4.7890472623632,4.13356927215718,2.25038168780193,4.58361056445618,1.23168660714673,3.34848825847124,3.65828090628993,6.05658264923419,1.99679090054575,6.26942015288626,3.19967935318756,4.87212186951719,7.40922915804813,4.73785927185271,1.64626638827729,3.75328288877149
2019-02-01,2.98911229536972,2.62224651708438,1.9296432326556,5.82547495102755,2.38988597898526,3.89950021822871,4.1851121837909,3.90018944525576,2.63691257809325,3.32280772980809,1.90314567230885,2.73212578610919,1.73679479515728,1.30204907111069,1.85386647503106,2.34210531780372,1.6939433470956,1.39013924236201,1.49340633994438,1.25271523942649,1.3122816745508,1.70475758725876,1.28056073087043,3.86911117449892,3.80366548595234,3.0272276723105,5.13760333766338,3.39649086983212,1.90201380474444,3.1128116214629
2019-03-01,3.58962273540906,5.11058590182293,2.91454991515004,5.58624279515057,4.2295742187062,6.04749438951777,5.21537196845857,5.11656158985653,3.3538253978008,3.72595017274193,4.57573791663726,4.34264431228746,1.25312785196557,3.77571120772035,3.93597673577946,4.01526945978452,2.89696740071946,4.06963058045732,2.10383067459145,3.35900180556469,6.00382183810896,6.54409805817606,4.35758669302754,6.82645443399022,3.92928656335139,6.18679124311856,9.42373717500752,5.47964746770367,2.24289094838382,2.55435846049494
2019-04-01,1.14146772463943,2.69538028680644,1.55776445268167,3.68218189332422,2.63049604223367,4.75500189070944,3.96109991983535,3.93316911643619,1.81422434818377,2.51102885551627,3.46160731576562,1.93956238623233,1.19071573431547,2.52983759186222,3.56475205648979,2.67464379444161,2.25952376566306,3.55903009567722,1.36654481302376,2.36331039902289,3.82574012053936,5.04237671265262,1.99893514169555,6.14675861451016,3.72481517173604,3.77916091072653,6.92448061403543,2.89592243092443,0.545304409321964,1.09263117364678
2019-05-01,0.79417401661684,2.42232746809006,0.730945350650878,6.03447901879641,3.21399984579588,4.49878156458039,4.17915838096564,4.28468207269969,1.95422369888617,2.19814109622224,1.93844524800694,3.01686474812008,2.93595610542508,3.73263263603565,4.45834558412789,2.72705077902904,3.1049163148446,2.42956197436962,2.77045114037132,2.78341133317039,2.51221861963768,3.84034050288176,1.43442815859516,7.50649975052756,4.27092725993723,4.61915754809567,6.84643323617259,3.8223055126071,2.17384827286848,1.69643956313294
2019-06-01,2.50260452063306,6.30836941192061,2.23325850683102,8.66704285025322,4.30084670186081,8.14867401787504,5.49360134642768,4.925617784097,2.24325384101648,3.51446655529732,1.54693374740105,2.16143819419451,5.93667291859461,4.97119232162675,6.6602503180574,3.4299894755763,2.20545540244506,3.29322827031598,5.15534993675322,2.94752432209369,5.30642862061575,5.03554586137517,1.9228665862064,9.18471778571609,4.53391555158651,6.00978227738287,9.00837306106997,4.65283957948994,3.62671000283795,1.24701536779739
2019-07-01,1.86746356690373,5.8389119402745,2.39461124699433,4.96946006266956,3.98338083557782,6.26379194965672,3.88404993219835,4.54373862131755,2.89456259336596,2.21709286077144,2.51045019000669,3.01227629091179,6.09728621545185,4.65255002040408,5.94643421411026,2.92841885309144,2.22466597505603,3.80042646339845,4.03099396932062,3.8752797968026,4.27399992221578,5.71634506665037,3.14878338148875,8.29463024105598,5.94804605214189,5.50836633284886,7.13668518815912,4.11918300770172,2.3049633628443,1.92951426521337
2019-08-01,3.29180635796598,3.04252021530042,3.49256756055977,2.50942094482718,3.06850482151098,4.34783175109577,3.37140809457956,3.76647485331668,1.80829940337997,1.28946560646116,4.69560124068869,5.05200385791379,4.6489761853239,3.54347737420968,4.26188176952345,3.75616501395486,3.53609921080737,3.56495019867175,3.43255813471376,3.78291454797315,5.76336601402783,6.59824044288667,4.58365293259407,6.50966480447078,2.58274560080576,5.31166853120971,6.16770668595661,4.40061145197867,2.13163699032827,2.84780089905808
2019-09-01,1.92494944015411,7.45135235160987,1.60411546068376,5.29914710246646,2.24289167072559,6.19561274462691,4.28710601495468,4.43213029347253,3.78345368514044,1.96594634835163,6.48402303706379,6.40092197357805,5.88574935346429,4.92803164150796,5.24808225299098,3.8325589294383,9.17973144066939,6.44627526969314,3.8263318357732,5.39935569365687,6.44650600297258,9.33536139311107,6.02258078527399,8.03190986679388,8.13016079106891,3.83194768479314,11.8995448819532,7.38246018681476,1.56249036702245,2.19650852284628
2019-10-01,0.520029874926062,4.24869964223444,0.933468259316867,2.8952026575532,2.90304269674845,3.56307565642645,3.12462227226199,3.66057067519535,2.82336404893359,1.00080703123058,3.63567586143031,3.25691115479799,2.19130764068401,3.18781210685117,4.19690757220711,2.54532145949858,2.46749023562899,2.78111080385007,2.21831528151818,3.29383314758821,3.75357143231159,4.16392557795804,1.36198636017712,4.56660099194294,2.57571099591417,2.29301581929393,4.44849623123909,3.31326211929711,0.778962761805092,1.6248755892086
2019-11-01,1.71174032339622,3.86043861130673,1.46740844205354,2.65869571187313,2.32376254697467,2.91661977643458,2.38171854693186,2.40536265497517,2.52768185999699,0.706482829677876,3.09703652814033,2.19612965488688,1.02269886430163,2.4171410673486,3.83369771945408,1.26147534349646,2.78966580988786,2.72781617611261,1.61996449620387,2.86607416361532,3.52105977011612,3.30728616720541,1.0952283482326,3.09031967740057,1.99114355706334,1.84457772425838,3.84576939354264,2.08469042480832,0.4376346043636,1.55012298069428
2019-12-01,1.17530040246155,5.50414024062731,1.42492090086226,3.6517070583182,2.75258171480541,4.03990807871236,3.7782566887176,4.64938006833786,4.37585902696515,0.755951361206079,5.49881196392148,6.11778388732737,3.42415642051293,5.63013132288164,6.38439104555208,1.56661225798811,3.13163044877244,5.36052285951894,3.24573301825916,6.31332352886683,5.96387872959891,6.25090571086322,1.89835384183926,6.08652450374844,4.55297445609902,3.67224291151044,6.82226994348138,5.10277446349225,0.692267352814939,2.67582291910463
2020-01-01,3.26304439730323,4.78257272686784,1.12063023585163,4.26305332758077,2.54959293588092,5.02883314877985,4.03272862218125,4.98251488633266,3.68482149166333,0.839502200755108,4.83012904940063,5.43371020116689,3.68627728052534,4.93522810245045,5.56915721203162,2.67068511804318,2.89071974109385,4.57806898158376,4.58686955509055,5.39708421793387,5.34323478500344,5.87342431551845,1.79379741600504,4.07762567251344,4.17403263451175,3.36340613384365,6.14405360510196,4.98227764004209,1.33051317379754,2.42241845940403
2020-02-01,1.10009755410584,5.35241435556034,4.84474147189495,10.3548282970828,6.45424579875161,7.33282001489817,8.56565039657502,6.27050319465979,16.6851247894233,6.8572346522591,3.49016406089067,8.80399414826693,1.96507496230822,10.246770203749,12.8799749349901,6.17360553522375,9.31068057875646,4.63389926030949,4.72203462358091,10.1045133790265,9.77469385857849,13.2983112707558,7.90501896079615,7.91614025113012,6.22180826111265,2.41985132782666,6.44067116228307,5.5336661903367,2.08850389800677,6.81957656734734
2020-03-01,43.0625072550769,23.9454950092811,19.7412455647972,24.9390881723225,24.2915183245066,37.8449326677938,31.6862074348429,47.3811498169949,34.8515825555448,29.8262634354866,26.5070087485684,40.8089450214207,29.9497786745059,34.2998401289782,39.654385133942,19.0179965897296,35.226652634861,29.7595812667465,31.1422679476438,58.1864308371851,43.0478022365,29.1029046062271,18.8755317547667,24.6412408534776,33.0456265372852,34.6041247397131,57.7514391247909,33.0308641851821,16.6915741628456,19.9543487997897
2020-04-01,6.71128152288168,22.6872314260902,14.4872669823238,16.5737442599814,8.91108557756174,22.2628053937697,17.8528626650498,19.874661171985,7.02446445960827,19.9881273281295,21.315096470545,16.9005648523504,19.7285213959386,9.16675066942217,12.5019085439589,5.12097491522012,4.64095019329727,19.5908049685348,16.3302801784528,14.1440854384639,7.58200899609965,14.1249382421258,17.3762665813856,12.1942559495411,15.2444495764188,5.99429300172674,8.05869813591479,8.44375376324047,13.587541456963,10.313461151874
2020-05-01,38.320360366929,57.9632262455935,7.45729362353701,85.8522589914464,47.1220186816581,32.3492302129116,82.8410880795318,69.7688874669792,76.2153277178304,43.3029622889967,21.5757834865183,74.7552093741776,90.9682277955967,96.9795873524447,72.1777829549931,26.9449783835318,57.4115758909412,109.819216792198,79.8348266698278,87.6433142127578,17.8304482753572,69.7273579177652,63.1907483658662,5.87074357987738,49.7750522933481,54.6652294352518,24.8419473276715,53.622712484204,61.404502844731,34.8591856643853
2020-06-01,146.180771033746,306.360828168798,67.9282943373652,152.55204801446,81.1291518593563,44.5205143309895,124.935000583299,99.3969077774762,244.326451871368,233.58965308987,169.001453019794,178.667871140495,29.5782655123728,189.958559831852,95.5973244887678,43.2293770774979,118.169050965919,187.791098439101,57.9281497537698,212.763988339036,312.260469941189,160.211285228879,82.6808611510153,140.073117780784,183.690685870878,3.7264731897963,378.458296671636,322.811520748006,261.917193576557,86.1066435984353
2020-07-01,79.44531344781,88.2648055718567,76.7539122869997,145.945039565063,118.742038303862,119.587667593342,135.390698179347,94.2386258017747,83.0997440703081,164.299915852633,90.643483087378,131.564060580911,109.587915549041,95.5399229991102,97.7802120642372,31.1869997551814,52.1105237940659,105.943761706559,80.9675158504313,104.231078577996,44.4946721749011,99.0404887562316,27.1982576810488,45.0624023042874,67.9516562703325,94.1081197130257,114.17779365976,100.860569743886,61.0308106684107,103.448175286909
2020-08-01,34.6239087584142,20.4420685916877,23.3329512707888,11.2968475299286,6.37849115488291,29.0921586987931,13.760921000121,22.5626177622698,26.6670096936207,21.7173161707154,30.0193128636215,32.4332368280039,12.2045817588262,32.5627932768722,26.227142911608,17.1805305941651,14.0589139269393,43.4300731345786,23.2806620655901,9.34000071439991,35.8651447025631,26.463599146015,19.4814002087722,42.9209024218211,54.1885071375538,39.1876937547547,14.7630648747209,41.9170995005264,46.6475686461677,16.0601875348297
2020-09-01,14.8466350258493,73.719635909173,34.6261043262589,84.8327338914528,48.2212172741922,6.93203662647954,82.3149701787895,62.6368060175183,56.5408487122868,24.0961183867111,19.2493604692702,41.6104066944739,64.4551458929517,67.358751127697,45.9004018888858,3.70146364587839,42.1674730906394,79.0592228674634,52.730848558783,61.7865278502033,40.1291738690085,32.0676433409402,76.6513183330146,4.21428287422513,34.9346240023045,16.3844437427156,20.936906816398,17.4987388038665,18.1161632133427,3.73357189493806
2020-10-01,67.7965413803228,155.611781446233,40.9758745503761,92.5093715895473,50.2297237091574,178.571783357033,99.3529110701385,46.288598402664,30.7038763398942,37.8103557274916,280.160177628232,359.916268603074,111.730206477955,339.727508529005,240.467843181545,177.97217299499,49.222885188499,329.681354006224,197.427230899895,106.184544265218,104.731187631823,186.617750648562,165.035178072749,59.3391936324211,46.8323517816026,63.4011218103331,119.453600099891,117.804398860818,160.749182205691,41.3545654369293
2020-11-01,3.18679427274629,8.21769501468134,5.50138782609469,5.11181021377404,3.05280649249998,5.42673234070748,6.15940830151542,8.89235082081349,4.39399720888769,4.51556411670756,6.54270417104112,13.5791506768398,3.5306860842545,21.2641721141418,8.84950387755584,9.06578252693936,8.60852772281477,13.4863186647339,9.87766387051893,6.04613215055047,3.71638098910279,8.24600260205693,7.88320465708482,3.31728499535142,5.44782184184521,7.66727707189315,6.43953547006899,7.12050711837953,9.32356885724228,4.33818233754276
2020-12-01,29.091480374849,11.7744269123701,72.2024078172927,148.16485635195,116.483109720586,243.658121094951,95.0431357886354,60.1213248156696,99.9817850687738,63.5078463724086,148.246406445357,188.377411440092,139.512885179551,218.444830287809,224.99109238949,193.393216384466,103.977667255043,167.281974956111,8.30647862542162,214.486363758527,134.87515794946,190.267856584901,66.8085584464812,84.6063545230608,62.0972379020679,28.8316191164297,49.0298198000534,27.6569130645671,10.8074037687988,134.396114797681
2021-01-01,3.51226160906536,5.38708652095336,3.9305563089367,2.86381036246204,1.99523889845394,2.93198449680897,2.36065644093067,4.48491240082422,8.74565487561349,3.29793117384913,6.52218094573176,3.62846587355895,4.33202018895908,4.20619158897697,2.82108817024678,2.75940785864786,2.18818356879186,5.16082045993774,2.50863828778289,4.10659980694907,6.7488013377508,6.4870509469526,3.09931814129251,5.70622681051692,4.02656563160256,7.3327137156776,7.35725681374761,4.31577492045975,3.78756246877467,2.72055522598519
2021-02-01,1.01914914891013,3.78538981561737,3.03219358199673,3.76877104206529,3.82920934196806,5.98510774334211,5.17043739530795,4.86434452265731,4.13109701251575,3.19122738686806,1.91947234143712,4.00040721138709,1.28775042870025,4.06509716565901,5.07803673957066,2.23673815842912,2.00471571444579,3.57083345712451,3.32678626133321,4.27664063304967,4.82108143104071,1.1099750007381,1.44265739929128,3.88429149609772,3.04083596079923,3.43454468632501,3.36365641085895,3.48227151149772,2.93523496736525,1.32220391109262
2021-03-01,0.775960108153653,4.68480088169957,3.22607962755527,2.58394399230354,3.83603133021646,5.22829404007364,4.19624425980584,5.24836294383283,3.16628397948943,4.48463948997994,3.61672396334568,4.01278794530502,2.47331821712022,4.21213723744769,4.04569404465425,1.7312027752522,2.39564692163906,3.99037792678829,2.55384578659923,3.86330134403781,4.34594682053376,1.90202243515623,0.587782391814623,5.04932650838656,4.95434354924711,4.2880529811789,4.75027543623784,2.78971493924335,4.33444461800248,0.961346614356156
2021-04-01,0.736713566561813,6.6629393244697,3.73753733772251,4.09809435242511,6.587795831375,5.45908582122226,5.69443432022354,7.07129986345043,2.64370158706214,5.69387359552492,4.76666797075323,4.25368123801976,3.60355395710324,5.97699343550104,3.8723086495019,2.56311169128762,3.12985445738969,6.38685748270363,4.75419283432274,5.67349447211707,5.36366563090762,3.15208279951588,4.39970607913373,3.93956515094229,3.16587148472361,3.86973123149427,3.41175424348498,1.83882022531667,6.88977569059943,3.52721428382842
2021-05-01,2.53097638732557,9.21517135603183,3.10458124069944,4.4531351539303,7.57553004142939,9.15524015342829,6.56355632070099,8.91637301036432,4.42419940699211,4.47415339947407,9.05595800082873,6.8606934518233,3.39237259303855,8.78851315035213,7.02024317910541,2.35187647628024,3.82303354529977,7.84080950787366,5.13849067910054,8.1412198060421,6.98848062687912,3.26590802338097,2.80968703137806,4.42588819193464,4.83990887494869,5.46530551601477,6.43605689668457,3.58829277462492,10.1794154089889,5.89141663485817
2021-06-01,1.57875979588874,5.99475781922617,1.94627319991244,2.74610487295206,4.38004716760912,5.99588362711902,4.09861755558887,4.41867546516417,4.91661953937571,3.40106409880529,5.97967289715597,3.81306106229512,4.30459873020742,5.92502170702915,4.59792509142501,2.07537684036694,1.81657835399747,5.69589713050345,5.04709561273224,4.44298400726052,4.54354980431108,1.6816439393734,1.93747976137108,4.79865565571921,3.72133944690898,3.45280898753462,4.63296612453459,3.31828906117989,7.38750065782932,3.11663275442911
2021-07-01,4.13177287106281,6.17730115231187,3.66986024886434,4.10806161083559,5.29374568501251,10.6723620203163,4.98709635061745,5.96255240262343,5.41596093223641,4.55904307701781,8.70029667211841,4.02952798611722,7.71130373525807,6.93240174689097,4.24435980248072,1.20331627945594,4.15852100620865,7.50720671551486,3.12893861721931,5.34180454203671,7.99450093665777,5.82642129209479,4.37453106670203,5.52330790885997,4.01187848042643,4.90748459618817,7.90963743186321,2.26238205793694,8.83062249654629,5.24456311734788
2021-08-01,3.07030693159747,4.36056770551527,2.82212277015006,2.11921209896834,2.94106656442671,8.18845107967764,3.42945474259899,4.95114018517844,4.06474675581205,3.66937374523818,6.0030596011837,2.80895396960759,3.40399925006962,3.3792737127297,3.40103265972184,1.84096387233181,3.14989941447166,2.86004327456343,2.17948061935187,3.6620142476478,6.48214763705127,3.34734531270013,3.40601043007569,6.60187452268137,4.27228585701226,3.60761876508879,6.85166162518915,1.16002405895417,7.74781948001146,4.22444766259387
2021-09-01,2.42415480762046,2.30214816262789,1.25535101233269,0.757090226410554,1.45041344453644,4.41563285075757,1.23437022630631,3.18134014294673,2.69738322542621,2.65255343408974,5.40845512988123,1.08621184254117,2.47119102058904,2.38469781913451,1.02590690821033,0.859182224858772,2.26004167847689,1.3492926211943,0.726016574260847,1.31220801123258,5.16492803110216,2.02937910694395,1.07860269328072,5.5298910060053,3.71537364467427,2.12757812880295,4.45091715811422,1.80794331356475,3.9139591485509,2.9172119535948
2021-10-01,1.83958378692838,3.89531991257524,3.34560230013103,2.34251819791786,3.86405113321522,5.34679424948874,3.72681130648731,6.82400334999457,4.33298448888313,3.23179600441654,7.37594161631639,3.09838628355057,5.55479501623886,5.16675919871187,4.6773135850837,1.38678823161977,4.09755723119255,2.63355609575405,2.22126522655189,4.38830873910506,9.14553301792714,3.68263702090405,3.79437452458499,8.70248445341639,7.47428758509343,6.47436523505121,8.09336280401642,2.50219093580609,7.58066012482187,5.3734092971065
2021-11-01,1.75565559070587,3.39715791754282,1.06307666414373,2.32499491602164,2.62403449258198,4.22915386470537,2.54777052451706,2.06368831602766,4.03886923585859,3.4969426056958,4.503898084395,4.60529033006049,6.54885851535699,5.25081370112247,2.10635926363736,1.01277082644611,2.40746187132769,3.926965226117,3.61309138945651,4.27171400264287,3.8839414740204,2.86010060060107,2.38557499049726,1.62279379871154,4.10709810610038,2.63818967382258,4.3101767996331,1.36779193644244,5.27531092366055,1.93087564141292
2021-12-01,2.79628463002372,2.08944652957961,2.69148029473305,3.32649787815842,2.87636466717211,6.89005525525133,1.98698376319747,2.00941033795794,4.0585930588678,1.80160336097918,4.48780683667024,1.19856413935577,0.900947198073738,2.56539583534897,2.98133655453789,1.86245519709985,0.308899507415267,2.3652590890024,3.08439585514728,2.49183132464378,3.87841106731324,3.5270439417739,2.57822333093924,4.76904296496461,3.43659722374106,2.52440227323763,4.01325258363955,1.08509807996361,3.74469979231591,3.75332278545438
2022-01-01,5.50138131852588,3.00812787054468,2.08674315562232,9.40127682802539,5.63519878603967,12.3050599340297,6.29657586745763,5.57678639415651,4.4754227507165,3.68749384523725,6.29640077830862,5.71807473048169,2.56864721903772,5.94008390212407,4.74397611158286,3.91486778412281,1.22198206078169,4.62665479268316,6.30371362518312,5.155198118226,5.15939640761253,6.13696019301032,2.18042438977261,7.02502576691163,2.7170843282944,4.2650889369699,4.80966118487834,1.63141056228003,5.54761635234733,4.42850067368011
2022-02-01,8.1200454322178,37.2270296066853,22.1363757864203,26.5144734076408,19.9182751900192,40.9206909067612,18.8216228200176,18.0356058631235,9.42949362782598,23.8979404471527,30.9728689502189,26.6089489754189,31.6508593836569,24.5238328379089,29.603395653284,23.1902806800818,4.68430996321769,22.6588011683966,19.3236950292054,26.3981896734983,19.7901520185284,14.3702764497622,23.2782346745587,5.61212101296946,4.14863007674093,5.61036374517777,11.9732870100263,6.11562620405467,14.067913306816,4.49843210199447
2022-03-01,4.40024642927298,2.58215217107435,4.64510702395845,4.58432876540682,5.76865159342777,7.91859192383819,4.2989380427696,7.12300449199165,3.27612085602455,5.00825694790549,9.22379534645262,4.8646309802272,6.168235842164,4.44527628233021,5.15791269836092,4.33057197094737,2.5870156005355,5.66358094305663,4.95484078533669,5.83034350464479,4.02976575271721,5.9787338221929,3.19312956319816,4.73306177223038,3.84214743632044,5.12675392819624,6.38909040659348,3.34724570148606,4.86475153435064,3.98203418531015
2022-04-01,6.02560567271054,4.42382434097407,6.70169111967835,7.67455360017475,3.29858863912198,17.77650868166,7.02602498592716,11.1066619087638,6.50448024709051,6.52991269570193,13.1043749916125,8.84440254676963,1.97103759609715,5.83526881944459,10.4750348078448,8.07978856748614,1.96161629854932,10.2127868233388,6.73060897934924,13.9902001282899,4.82362709714445,9.0295741256069,3.14143927164542,5.80673729066409,5.19489262864981,7.3558908272978,9.55041993181068,3.72382750566303,7.04736105535729,4.06179598131152
2022-05-01,3.22951001230413,3.52772360416578,7.55655657053015,3.83279400955856,4.56131840402616,8.83663636241355,4.27153887258139,5.57573997221679,8.34524980756549,2.36369184700002,8.57373252486998,3.43674822806,3.44221018128606,6.7635885023815,5.61164468057924,5.42906016044057,3.65792537593838,6.99508291531591,4.66800390777422,9.14206530116345,4.79686468082903,6.49279550466458,3.23805459100908,5.19480410864033,5.96609376631141,7.40643524267476,7.41780591597127,2.94465241442254,8.29898556405698,1.9617221532811
2022-06-01,16.736032975205,40.8179017723593,77.3835529763336,23.8138244753634,55.4296884294026,58.0234269765265,31.676388792655,41.2398381355206,42.8388739702302,37.2356986749316,91.4653831624694,10.5751566346848,9.50897555965579,10.5604920828735,48.2718723099937,29.598053134461,58.1042884998414,4.54392975012393,2.55270933830871,14.1105581589605,58.0914249440714,79.8767807430503,4.53055419441727,3.93033005170382,14.8371538793405,71.0385566072149,69.7816864143918,78.6900277327201,84.0976747330018,92.9380032652027
2022-07-01,6.09975596387944,7.10941635350429,7.20786486299136,7.57193236280256,5.796229642625,9.07819511785469,7.6325273206525,9.66116471647847,7.32483347917278,4.01497653985972,12.3632516890037,9.83409247774874,7.15012327045955,5.64097402076897,10.2447995963499,8.04965065066423,3.36322362382605,6.43101336807766,8.9040265571465,15.522760955452,6.81910842267878,6.39019043232545,3.29298082416707,3.02060372857373,3.48926554712241,6.37621001662077,9.33571307552537,6.48051875721577,5.70492992448889,4.72358032586837
2022-08-01,6.76209897740378,5.77255971947503,6.02325323021857,7.77459557754161,6.55566313871644,12.1452977871594,8.42918338071663,11.3531640803132,10.6892985249685,5.46066285434715,11.1769522699521,15.4646290282558,6.31726178251819,12.5849928434036,12.2397469521879,8.5677928423647,5.5888017913934,11.4535678981348,6.19521788256542,8.92130748461819,3.98484160712046,3.29441517833798,5.11772935247063,2.17331267263775,1.74745557937308,4.68035680225989,5.2497942790009,4.35235263862724,7.07666095129429,6.04325294780108
2022-09-01,2.53742581917667,4.73606973306585,3.22305468152679,4.7514612585459,5.09108049352726,8.56803110833465,5.5260285275801,5.74457924686968,4.68000574647829,4.08755960026916,6.48178108768727,6.38890495798322,0.809691793417656,4.03879131645063,4.62518698139177,2.26736140815025,2.66268312043486,6.08962964802214,3.64492737498378,4.9923388087713,2.34985671929147,3.5960010308661,3.87065633705678,2.1702953012555,2.25277397618531,1.93039332819015,4.89386241131791,2.12818066770929,4.43354757482791,4.5572318003356
2022-10-01,1.98313400593511,4.26475686359634,5.7200152849099,4.83223638643668,4.15757998889538,8.08840916739002,6.77883913808767,8.32308116851303,2.79656555464349,4.09508055434507,9.85697287999458,3.34327120137364,1.80389354321357,5.26648495656559,6.08187557971259,2.61382912664788,1.9685863218216,3.91763774126134,3.57678885323734,5.14929447934806,6.22101367534361,6.11057141962981,5.25777653575813,3.91735755519509,2.10787441888246,4.3352737888883,4.89235800679111,2.79154984094438,3.90034084129543,1.33019539413817
2022-11-01,5.4561345036825,3.58707249560139,5.30591903464475,4.56172364434685,4.86452877260829,6.28162102924803,4.37444666142585,5.61747016949089,6.39236397762241,4.34185063614114,7.26175400752791,6.14852041586112,2.69989392335159,3.87856050252985,4.24892241513782,2.91384963281781,4.40892172922059,4.45686831869603,2.46481560416899,5.72768296477555,2.92334779293759,3.42795397945856,3.45124531625724,4.20474112890312,2.6610117532356,3.55924302046526,4.80514642458332,3.42108965096835,4.82818152662474,1.14586284867381
2022-12-01,3.77050382828119,3.03108658931302,2.99813035995798,2.62570456611794,3.27847153582646,3.20617486717053,3.78397023009448,5.72193791051965,4.52473585543851,1.51551870368754,5.58128491956309,5.02605986859382,1.94673552504113,1.39333418368341,3.64034204528465,2.37323626282139,2.37956381232676,3.89448992712444,2.41531927990448,4.87845301578598,1.99263755655719,3.18675771051784,3.25750407173234,4.0373143188693,3.20208629031321,4.7173438173295,2.32304944853586,3.28227694474931,1.9099397071987,1.81653497125006
2023-01-01,8.92932560251588,5.37752873179913,5.03633778954312,5.03692455006314,6.05551490954274,7.76531011297993,5.86752275506213,8.09045557375368,5.36901567284359,3.23110298703781,9.46541773082191,5.38309499746047,1.85323534071449,5.37903814338841,6.35709217527928,3.49485179477531,3.15771930394728,6.16763430670602,2.80817971836691,6.09053403893837,5.32970502299541,5.55122998273086,6.57809679266598,3.51853740629195,4.4917388869782,6.73202852852851,5.90263383395316,3.94995737189367,5.04822959646297,1.1160363265893
2023-02-01,3.17563372586377,4.38175065036289,2.65036938036463,2.34550554790439,4.32178645855005,7.69534119259639,3.60769858500071,5.76007193251078,3.46091409063987,4.59322537229456,4.77215163620877,4.13837393749097,2.29674813125547,5.99431229194052,3.50008273846069,1.21425678354549,4.11041557958736,4.28716689791379,2.67399705450171,4.70039421946833,3.04811802216382,4.35679559068887,6.88613954019404,1.3657265597655,1.51924710034475,3.23305703682596,1.14175553803156,1.69344056716827,4.79138822879311,2.60637723092096
2023-03-01,2.66667302612569,1.57167847915619,4.8684255349227,3.94153823846494,5.55979093179991,6.82401944450218,5.18839039554581,5.80965922335379,3.85108677642337,2.83331314012272,6.80186309987213,5.59621872191933,1.09948878240216,5.5711849801491,4.27738548758695,2.32752162260085,2.61755462991264,5.08522898859219,4.3371278771567,5.11757097416299,5.2153179082051,3.62193530589009,5.77152720601226,3.55128220510696,2.89638444023389,2.73589991676706,3.45111312888499,1.76253860507484,4.65558022488395,1.17244769495786
2023-04-01,3.49813603207307,4.55668600143526,5.05803810293025,6.52445419728593,6.92876751972655,7.30805344166811,7.59135616120363,7.05501572105482,5.93472127704852,4.84418217947052,7.35441294494067,6.36737347358036,1.35605037618394,6.65202098841142,4.40108578459356,3.83347587705707,1.2367823777883,4.41578374271099,5.91089185054109,6.24934784913681,3.47544409059629,3.32598930055018,4.25587844025676,2.80199975388006,2.9335939179498,3.50840484086815,3.07371694704029,1.31014035504358,4.30965754605381,1.44111180320712
2023-05-01,2.74594837854638,5.37528180245178,5.89517956725961,5.40976770166993,6.82072452621163,8.52433647473564,6.41898791259284,6.05744543434356,5.31827729651822,2.37399963835054,9.38220839810652,5.10012023250425,1.53310390221854,6.23022420465774,6.49518957546605,3.35339988061492,0.867353274221468,6.4746283950337,5.10229483204013,6.4404032246631,4.95861149223763,4.0636281205814,2.00581438679253,1.55827099565131,2.48852463429344,4.07876364357821,3.59757543098981,2.95164927545587,3.27985771584357,1.80597731024764
2023-06-01,4.59329898240305,7.24831881857493,5.95206881968368,5.40514028109795,6.44066472040888,6.22013720570807,6.33897743570195,3.7118031134035,4.49912252296891,3.72683981485112,8.15049036571343,1.53292408298593,2.45445244960856,3.50296921623308,4.81218608590547,2.48825683922496,1.5462217240625,5.75027604703901,3.79073281466361,3.61565722174566,4.38894258417858,4.17776168993288,1.34272513952525,4.11174850592628,3.28301506738544,3.90655056801043,4.09983008575979,2.70884574386366,2.6821051806571,2.90975176071044
2023-07-01,0.525218818943717,1.49492499794491,1.38183480538673,1.46535638561503,1.81295522305633,3.33530570863639,2.16105121137462,2.3645553149999,1.67559562032971,0.422129055580281,2.85723010498166,1.69756990091799,1.14675678589399,1.97379927884958,2.03323107461886,0.973126062571336,0.174825923337713,2.34999290721799,1.35174932399131,2.23766709860903,1.36792530761296,0.911416685108945,1.03755943936435,0.698550792150003,0.349426512940932,1.33518326419541,1.06474160849607,0.649444512353493,0.863660539977436,0.131309415125585
