"Americas_in","Europe_in","Asia_in","Americas_out","Europe_out","Asia_out"
13.9517234093496,8.90610800389461,14.0431248770409,12.7000532478734,12.9549421110009,11.2459609314109
27.158698007318,32.4589652406318,17.8357792323579,24.3141616091559,30.5926733341786,22.5466075369733
9.88466663909376,22.0733569978238,24.3624522644553,16.6649868103441,20.6610601265701,18.9944289644586
14.2015002933685,16.616169113493,22.6434342129907,16.1610033766972,19.4006183070309,17.8994819361242
13.7310359329471,18.8548175709216,20.4414574993686,16.4837352497504,19.4379932461268,17.1055825073601
38.9360125899381,58.0284802865546,49.6237093722292,44.2423492564404,58.6506253382427,43.6952276540388
12.1759788279204,17.160527928446,18.1559307771461,14.8788307402195,18.0821012347157,14.5315055585772
6.6859273740402,15.3258481467546,19.7272442994708,12.3629922272839,15.212895156987,14.1631324359948
13.6097757487641,16.8486386534511,17.4171835798047,14.5952534179885,18.6663058365623,14.614038727469
14.260992174207,15.625297690096,19.2470812850866,15.2482067800868,17.8620705580076,16.0230938112951
23.0800725595515,25.5021312119982,12.9422055861693,19.7508586898373,20.8344765651955,20.9390741026862
18.8126610285262,24.9817521260963,12.4763098311096,17.1137188697015,20.4715285320922,18.6854755839385
18.1427734672289,13.9663138094955,17.8008188258412,14.9959819645477,17.5667401402675,17.3471839977504
64.8771372317691,48.940905984512,21.7982992977592,43.1120869120776,52.2660107802533,40.2382448217095
39.5879416410437,96.24810898896,28.9244069986723,46.7625714051217,70.6885727477432,47.3093134758111
12.0616596596255,22.1302805933659,18.5542676188432,15.8344699482188,19.6409838015805,17.2707541220353
17.9531330835362,18.0913611649907,18.3458680233287,16.4799156243334,19.0820636968945,18.8283829506277
13.7574158283581,15.2319392318128,20.6804816163155,16.42509123376,16.7783612450114,16.466384197715
19.7074828458963,23.7056686152676,35.3103418952127,25.6283421845397,28.561569929628,24.533581242209
14.0147139337526,25.2617418941532,22.8270191111476,19.4416822321598,22.6125011132158,20.0492915936778
14.669645882791,20.8918280401618,13.1605547786614,15.3719183419843,17.5940019797433,15.7561083798866
17.9508438707905,24.845848357542,25.1154008548161,20.5148363083723,23.8284429264845,23.5688138482918
15.2998159835196,22.7301429093915,18.4193332773648,17.6881718110591,20.19856597905,18.5625543801667
24.3227199343709,26.1067258271362,13.1690254980969,20.4437319570667,21.9121651153366,21.2425741872008
27.2837720063793,19.1682062498906,30.7329158303731,25.4837905190317,25.4723868504026,26.2287167172088
14.2668216958365,17.2327339966484,31.2679620839701,21.3803365109883,21.4384600549721,19.9487212104946
12.4369551946801,17.8480571835663,26.9849363833962,19.3893531553294,18.9121113446731,18.9684842616401
8.51266997884368,15.9582639553276,29.1756143252001,18.1903725449655,17.9053973499806,17.5507783644252
8.92562441057547,17.7850960111764,32.3331478846139,19.7502823907411,18.6284088472511,20.6651770683735
11.7815230102763,13.5933743332535,33.0051795259924,19.8256643464717,18.4545103068029,20.0999022162475
12.1297411506675,17.3850030024414,31.8545995417614,19.8282929353272,20.6144687828867,20.9265819766563
18.7874937451014,11.7357469768247,26.8150645249796,19.2767684453647,18.1047806653203,19.9567561362207
10.8049370824556,15.2766245741113,18.7873806554948,13.9245535789265,14.3735377701359,16.5708509629993
9.8724480672085,22.7217066539915,17.1401305231754,15.8152130156239,16.2906790801549,17.6283931485966
9.88558728290246,15.5165232538228,16.041972060722,12.6113774479669,14.2135900425554,14.619115106925
55.5363966912939,21.7912388401213,30.5432665665967,37.4164959842586,33.1397623641233,37.3146437496301
35.2411212505764,37.1014915643059,38.5054213465179,35.5240671191812,36.9371115034003,38.3868555388187
959.379660934982,121.728328984987,32.6594328100655,408.560227339534,448.723526956689,256.483668433812
35.524367906625,36.9820810594552,45.3148159111425,35.2091232982802,37.3665626660767,45.2455789128659
21.4721811985919,23.6245760251644,21.5796012239901,20.9015766594435,21.237065849015,24.5377159392879
7.56004805979412,23.9365411114949,21.4901235629267,17.7512735189504,18.31261189614,16.9228273191253
15.9199800544562,21.5932414003377,28.8211337697677,22.2644307493528,23.0590120210617,21.0109124541472
7.39020345372195,28.3016072449823,19.7115899966631,18.3034375459786,18.5278839522142,18.5720791971746
16.8006245111038,20.7090333930557,35.3193508536214,23.3523820082506,20.4861007968571,28.9905259526731
8.40061882629085,20.2519025600426,22.9807911682129,17.7176762753826,14.8356080499021,19.0800282292617
51.1107385497395,27.369394256749,37.1744825208718,36.6259627922933,30.07962109798,48.9490314370869
8.48191807207603,32.4966599076519,33.258312995901,25.1246881823854,23.7499406788943,25.3622621143493
20.3123282482956,27.2484467584252,29.2431329654029,26.3767671279141,26.2744884484111,24.1526523957985
19.1754433547846,42.4838635724932,25.3410654382341,29.4366264135476,26.2407479057034,31.322998046261
15.366585888858,35.3773070964694,28.8568653596354,25.5432863256006,23.8732535678118,30.1842184515505
9.74333253648209,20.9045137177274,22.4308982337671,17.3419449418668,17.4980986972128,18.238700848897
28.5968255488665,21.7355990227408,58.8644254110945,34.2499084661809,32.1740468989177,42.7728946176033
17.5498986967208,24.1253524987012,22.2595010896427,20.1524466718456,22.1272147321491,21.6550908810701
17.8905500587646,14.9786098569041,20.2686012657819,18.1376662975036,16.4728465612928,18.5272483226542
24.2906125580533,36.0139493801413,24.1349508942175,28.1950315577195,31.3206318061121,24.9238494685805
29.1837428312068,44.8982511832228,23.8076235941412,32.3436056305598,33.4831274113693,32.0628845666417
8.79347120120728,14.5357290282497,23.5681024687422,15.4436412628938,15.5888300478496,15.8648313874558
8.94591460585203,16.6512636408132,26.0612523175962,17.6671501463983,15.5482726070716,18.4430078107916
23.1315165470212,56.9229150863305,226.653853399826,101.712921086216,85.0048475927206,119.990516354241
7.159496761606,22.7824755690882,18.2367193597245,16.1245738923009,16.4248174848693,15.6293003132486
10.7863689303927,67.6182819979614,26.0128095670867,35.2981407183523,39.3857265299948,29.7335932470937
16.912871592074,36.5901855360512,30.6913454783754,29.6940010646212,27.7827962007501,26.7176053411292
15.8262089616939,23.8373925501174,23.1861260134752,20.5162312915492,21.2226113948401,21.1108848388971
20.3906450147066,20.5579744249842,29.0051165824138,24.1847919777719,22.9206933266687,22.848250717664
12.9181814009118,26.4261054952654,31.0683809447711,23.0967787077542,23.9161080719991,23.399781061195
12.3611054468564,17.1266068448455,17.7122523963868,15.6234201876896,16.2065540254797,15.3699904749195
16.6919007489937,33.2905375640488,29.6349879420369,28.1525086327139,26.9862389685457,24.4786786538197
15.2174478277876,17.1506316699594,17.7730081567412,17.4239948967688,16.6359654957942,16.0811272619251
16.0141077719995,23.6675269168523,39.315738242233,25.5987957643647,28.0769324867456,25.3216446799744
16.5970898123782,18.6032835506667,19.4381920122918,18.2164760571684,19.5947902155972,16.8272991025711
17.803208710755,15.3258553127228,28.7948179660951,20.7412354073765,21.4492586991091,19.7333878830873
27.6338783497225,44.5112695620946,19.9041704426301,35.0951305072908,33.7238573376871,23.2303305094693
14.7492204014198,20.176165394741,24.5098059654419,20.9004160289418,20.4657506770039,18.0690250556571
15.9678803387801,15.0526480236846,302.322517478267,105.977135633282,116.316225135548,111.049685071902
22.2451558198945,17.8040976297095,14.9825012272098,19.1442591589094,20.6449218373321,15.2425736805723
15.6366267419921,23.4051300576846,20.5085665495078,20.0449100943586,21.3789764142802,18.1264368405457
11.6899077179393,16.7437479968827,30.9299491562254,17.0107967199274,19.925800181444,22.427007969676
14.875580599969,16.7340808199497,29.2753009752477,19.7739441528502,22.1045415998272,19.0064766424891
19.3009610333247,20.5462405675038,31.2458143758856,21.2074034973553,25.3354182005489,24.5501942788099
21.1292253591002,22.946227522033,30.794178148887,22.4745309860502,26.3456231388879,26.0494769050821
33.6650583598772,29.9443056144111,29.7467445558315,30.2735665057595,35.3039007901991,27.7786412341612
18.1202519845351,14.5207737083625,16.6534649665819,14.8921782503636,18.156015501829,16.2462969072868
23.7261101003965,16.7555382673353,22.9945123639554,20.2968293891579,23.6683070392031,19.5110243033262
11.1550263958775,18.9540254978635,17.7744222027321,14.0921456646892,17.5436778013937,16.2476506303904
15.8416166417417,21.2538949908084,19.1672425927976,17.3664786092474,21.0595260777481,17.8367495383523
16.7695050747617,20.0369830360218,20.3992880000794,17.100716390049,20.9926151990471,19.1124445217669
12.8503080789097,19.4590469946584,17.1803296401898,16.4936126134239,18.1035411145172,14.8925309858168
23.2405507403646,17.6944274893264,34.7681122981975,21.4809136277305,27.337740958152,26.884435942006
7.57936723036929,16.5979341934536,15.7716043565935,11.311816952606,14.9807032170041,13.6563856108062
21.0323373573478,18.558887171227,31.366597803805,21.7457435087742,24.2691665943659,24.9429122292398
29.4886503202086,19.680471363682,24.1757185067593,21.7034121770148,27.2811344460264,24.3602935676086
11.8596132554845,13.5258906180069,27.2571297858016,16.0916542169721,18.4137621728895,18.1372172694315
20.5040822239768,12.2762381263916,24.3618839697206,17.9211541453342,20.231349244816,18.9897009299388
17.0632577353004,17.5046597813457,24.5385767751023,17.7020932029914,21.7723870652147,19.6320140235424
13.7489740812105,13.6616955816449,19.8680447638844,13.5652454148192,16.8793130482105,16.8341559637101
17.0216909674186,8.21050728099348,17.0228011735199,12.5063299333451,15.5252342010393,14.2234352875476
24.0197085524005,10.3257380469739,19.3100079252159,16.0282090514597,20.4809852869849,17.1462601861457
12.2609203784543,10.3143493235252,16.0145859272404,12.0087605965872,13.8662599283017,12.7148351043309
14.1205213507976,19.4121594887581,28.3646043062163,18.4200111459237,21.8269328562075,21.6503411436408
16.6755654968681,14.3611927199498,25.0871060289864,16.745343276378,20.6877141804941,18.6908067889322
20.4230357892589,13.8411448576573,25.0162397292394,17.1622298377474,22.1097843312751,20.008406207133
9.24040452964738,17.7243830565057,27.1606460618799,16.1303873753939,19.6094720281362,18.3855742445028
10.8404570501422,11.8534724317856,29.6160497360709,15.7028634365608,17.4107253553463,19.1963904260916
11.0502378952472,20.8746035730571,26.4349485578051,17.9338051655899,20.9915681995375,19.434416660982
10.2388818890524,19.965518966128,23.8111353127907,16.2251493622229,20.0772885378481,17.7130982679
12.9822180161028,17.2975327952471,19.0068056328559,14.4264078871866,18.3022809719393,16.5578675850799
14.405572397865,14.4301768078794,35.8308486218643,19.6744466240061,21.9961003745585,22.9960508290442
13.5199035844148,25.225698051079,39.1369536351734,22.4812667629758,26.6077431336103,28.7935453740812
14.8648154965678,21.5327696690282,23.9021563954163,17.1436953943823,22.6385497981468,20.5174963684832
11.0492321834908,19.2847742950595,19.9316110517517,15.0262475658233,19.1163696073162,16.1230003571625
5.12990535528608,15.7866386500083,23.8223574022167,14.3893349593125,15.5868796821047,14.7626867660939
11.9301669320843,21.7233213102629,16.4209131399126,15.3797220409742,18.839350356579,15.8553289847065
14.1867704422475,14.4099884112438,18.468064433515,13.9554840827384,17.15466413732,15.9546750669479
10.8451618244663,13.92907544688,22.8318262943076,15.2293658311983,16.7126754717726,15.664022262683
7.78421529614695,10.0466542010303,21.4884193272691,12.6561193881595,13.4468020205026,13.2163674157843
11.5190594851779,18.9494876103989,30.3628324811885,18.356660787286,22.9226538588265,19.5520649306528
10.6672735467864,12.1241576740734,24.0691823656124,14.5591228091913,16.3500021145477,15.9514886627332
16.992253451542,39.7898832406205,45.0333420372111,30.4591881833457,38.0745684635345,33.2817220824935
18.4517753706765,33.7358379616575,14.2162183131747,20.8259760621153,26.4161973657497,19.1616582176436
13.0402729010438,16.8096482965496,53.1903369457656,24.3078419226552,30.092194099452,28.6402221212518
13.3724222758176,15.6582103848577,18.7496585845117,14.4054355460099,17.0705511034408,16.3043045957363
11.8563609531419,23.1469214082199,36.4581644967889,21.619670738654,25.8212469440205,24.0205291754762
12.5913372300318,22.011663020155,21.6902407735292,17.2116179507404,20.2913443496601,18.7902787233156
15.1181606753784,20.6219952244663,36.2340459686049,21.6694428836129,25.3978096544789,24.9069493303579
9.49764984543782,18.6454445771549,17.2478258508351,14.4150220459856,15.723632065079,15.2522661623632
12.1918798210233,20.7445227729922,24.7638288187318,18.5180476950284,21.0937368777448,18.088446839974
15.6068539780189,20.3834856866915,18.3526475242054,17.4840032980398,20.6651629257162,16.19382096516
13.6678896043505,20.6614734345544,22.1169612707405,17.6112288896911,20.8897460882221,17.9453493317324
15.2205911095791,12.7976516097165,18.6051578554658,14.5800998585948,16.3812456185618,15.6620550976049
15.0770265422825,14.8514013457406,18.6965791821126,15.0812480503586,18.0216085184728,15.5221505013043
23.5506971877096,23.0133101105853,20.5192395690877,21.3083750839334,25.0807283908912,20.6941433925579
26.9601305611615,30.0806107725927,22.4075643326166,24.27735596239,30.243991395458,24.9269583085229
15.504916281055,20.9515802914254,21.3136199398598,17.5656270987539,22.566292105988,17.6381973075982
42.4261978241249,32.5794027716869,26.1202229156998,33.7648576351251,39.7092378196868,27.6517280566996
12.3013555308608,17.8280319484602,24.4194061355961,16.4962201881848,20.2815863176869,17.7709871090454
13.8973272525922,11.0232520981159,13.8669802352333,11.559247006246,14.7608808435771,12.4674317361183
11.9590065602459,14.2267537827433,16.9272636804422,13.0420560197845,16.6678881753177,13.4030798283292
15.8575568508639,15.7833486452479,18.2171324335132,14.3465687017487,19.7863668134697,15.7251024144066
18.5020485109085,13.9053514769501,26.8163367253277,17.6436366633022,23.8521495158924,17.7279505339917
15.9819654804217,18.9282078489684,18.1790135345693,15.0590885691839,21.7935472192472,16.2365510755283
14.3492607378098,21.2807895783555,38.8500685114062,24.0419593945335,29.5655358795865,20.8726235534516
13.6616881602089,17.4189938573288,17.2378526167778,14.6293545646949,18.0480249424782,15.6411551271424
15.8664159028943,22.4115274488118,43.0500294862204,24.4621406238103,30.8565021780516,26.0093300360646
18.572846948649,15.2489778172029,19.9485277346714,16.4593480506562,20.6148818429311,16.696122606936
12.5823329833865,20.1565127472524,20.2067592381448,15.9211731636629,21.2939168891518,15.7305149159691
21.2533083983949,15.8837643819113,11.3447000787937,14.5185549175604,19.1167524343978,14.8464655071416
12.3051861202192,18.5427740088928,18.2664247676942,15.8087176347087,18.3695892044531,14.9360780576444
15.9394908729731,10.9492080597582,22.8487080417313,15.6437388171249,18.7377251039315,15.3559430534062
18.9025038715411,15.9436242034915,16.554357368203,15.7861838405587,20.6456667505149,14.9686348521621
25.9722591362685,14.6512878925206,13.2975733073464,16.2652970374499,22.0040427820139,15.6517805166717
9.68924865547534,14.3449820264687,22.7775387584762,14.3328769093823,17.0984343287576,15.3804582022804
28.4075043504541,9.38690174189642,16.8715973929258,16.2532272504112,21.4927711313451,16.92000510352
10.2655251122216,13.4782535667402,19.3139582649846,13.0696512424381,15.1469295301542,14.841156171354
13.6342137871507,9.30840575348666,15.7422166186595,11.6320288052817,13.6242083329124,13.4285990211028
12.8004495354125,12.6667719399757,10.565821232041,10.5626210763514,13.2931465560555,12.1772750750222
12.599630693099,16.4961504416711,21.0000678460439,14.6216933366202,18.0099940918538,17.4641615523401
10.7345403944286,12.1039038353316,20.5389342244155,13.4082955641228,15.8739129153136,14.0951699747394
14.5650945839505,20.055995535964,21.1367065386056,16.737964980274,20.2254468781134,18.7943848001326
14.1625915442699,15.6233086279422,17.7295305540986,14.9761868895408,17.2107528698193,15.3284909669506
12.1963705509725,15.3602737323499,16.586876870762,13.8862237599863,16.7813879496136,13.4759094444845
5.56649387548452,15.2464767890294,16.3036011360444,11.6566248151754,13.5275738583509,11.932373127032
12.5459244216477,14.912583140071,16.7221202599255,13.7620125256584,16.3735638445254,14.0450514514604
15.0309448322286,17.9892759906893,17.5009152797804,16.0568720649467,18.5571336421488,15.9071303956027
16.7792809910821,17.8618459914603,19.4904536584171,16.7384944372564,20.5997165352491,16.7933696684539
17.8047186563861,25.7934710589081,22.1237936144891,20.3524305024523,23.1048829909247,22.2646698364063
10.7509208836322,26.7680602187713,16.594461882806,16.8226524551857,18.4267031296577,18.8640874003661
802.931192026252,459.382719687025,26.6388815151568,427.105364956259,586.295188634998,275.552239637177
11.7878821882173,24.5211322914484,12.7515878851953,15.5791932075184,18.322605348727,15.1588038086156
10.069571857201,21.9503197490863,22.7692224941276,16.8522452167935,19.7235585490147,18.2133103346067
12.5726578380159,24.9098678359719,13.4340093696764,14.8885912563597,18.5027640109369,17.5251797763676
32.7883394047528,24.7282232942125,13.1798034348104,20.6318194085713,28.8165284038642,21.2480183213402
6.31360161753183,18.5967126692264,16.6821063762833,12.1897286770515,14.4585023552515,14.9441896307386
11.9117156277635,27.3127183273759,14.4630969161711,15.3591493250106,19.4642717205189,18.8641098257809
14.0197064522484,29.7382888408653,12.9576117062709,16.2842086415528,21.6813121241665,18.7500862336653
9.21632917095618,19.3283150927692,16.7208033925942,13.7210619716339,16.5042033534313,15.0401823312543
10.120545556798,28.9356882940732,15.6676590122775,15.9824565991312,20.6870790912163,18.0543571728011
13.8599002588487,19.8073319421082,16.7018755278466,15.2570963646682,18.391343833871,16.7206675302644
14.7407291206834,22.5438193787586,19.7987469844286,17.5271706150377,20.0341470603957,19.5219778084372
10.7608404180172,29.0978508142099,16.1401636091463,17.4947940064434,20.9783119430072,17.5257488919227
6.44527695883537,33.2799459690727,8.83484768389571,14.9576883924244,18.7930922606065,14.8092899587728
9.81500663672022,18.9761792769193,19.2403570539448,14.1932892960535,17.0856029110658,16.7526507604651
15.1565621454791,23.2201399320126,19.4897371904586,16.8917297000664,20.4920679393726,20.4826416285113
7.30966326628139,16.2008897707172,19.8462911296621,12.8105549316519,16.2296873835663,14.3166018514426
13.1322298131827,10.5857680342814,13.9682379400817,11.4469789280631,12.9225527449749,13.3167041145078
10.7548990813188,21.0170749806726,18.4931842112283,15.3416893612642,17.963073437762,16.9603954741935
12.4759063949282,12.511396886796,19.0961008929861,12.3125337980084,15.3644121976215,16.4064581790803
30.1924617164094,25.1838044090039,34.7187376781758,25.5216481939181,30.9904905949138,33.5828650147571
29.5648145824905,12.321201638659,23.2267686970957,18.1878917032761,23.1708450611851,23.754048153784
6.60516444481,12.218330671116,16.856704254313,10.3860137057988,12.8760950187745,12.4180906456657
9.58688025821645,15.2152890531635,18.4195011967364,12.4812235498519,16.2461293011463,14.4943176571181
15.0795076577222,12.86149923324,22.3345781624132,13.4827425212113,16.9918055335785,19.8010369985857
12.3220271095381,12.3553119837192,16.7701232000229,11.4804746036766,14.0611839963296,15.9058036932741
10.7225717043043,16.556345101578,18.9778302945314,13.2234864145754,16.5193976789602,16.5138630068782
11.2532918520989,18.9810013432851,26.7482379573665,15.6408079024212,20.1071995071379,21.2345237431914
11.4263582036675,11.5637920488771,19.790508405922,12.1520005433392,16.1403222006909,14.4883359144366
15.9185617390941,21.4631854178144,17.8445858964116,16.6092369862901,21.3233370388457,17.2937590281843
16.1931424127604,21.6046540546427,14.5295808268542,15.2097126168643,20.3720293471237,16.7456353302694
16.6782064407699,7.78342384074821,24.3866047778074,13.7165021844237,18.2309030827417,16.9008297921602
16.9357673343478,14.0704966997972,17.6650451046032,14.2755530346754,17.8696207144845,16.5261353895883
28.141171667574,24.6289545911243,15.7360595996211,20.611434483408,24.8115461541886,23.0832052207228
14.5145907322306,20.0398616332209,20.243450426337,17.1803517254829,18.8383239945264,18.7792270717792
25.6328325164739,42.8992634035969,152.455663843607,65.3267565305876,90.2449814784828,65.416021754607
15.2125281510868,16.8693807770724,23.7341692869683,17.3026935186591,19.633784199306,18.8796004971624
7.84086209704176,17.2815570120926,20.4384427436665,14.6759821582223,16.5926843651509,14.2921953294276
11.1258093369985,23.6899101289447,21.8081883065926,16.7335213559503,20.7910988554388,19.0992875611467
20.6837659248659,16.6727691565665,23.5186593574658,18.3178868892183,20.5775329404921,21.9797746091879
10.8254923562385,11.4896827648431,18.3440643557054,11.9991588738852,15.0832614427971,13.5768191601048
11.1699338653978,12.3354279458018,24.3492432823108,13.4515769821594,16.8869637869035,17.5160643244475
20.8514200855284,18.5366813417366,22.1489228816374,19.7392132134027,20.5205777024896,21.2772333930101
11.2055118029925,14.5849679242113,25.3103409124142,15.6443634001371,17.7970697538379,17.659387485643
16.8472801855462,9.20199762070782,18.0877703343307,13.7894714738267,15.8874674952115,14.4601091715464
15.3904567441417,17.2598544607179,14.35530681595,14.381447344123,16.1049803314008,16.5191903452858
14.9029293088618,14.0194797078243,18.4749393559463,13.8329395118864,17.9713376713928,15.5930711893532
17.8274247237355,19.6011513614928,20.1076573567961,17.1341406882676,21.8461976489961,18.5558951047608
15.2011493554708,32.4530386529051,21.1258385685558,20.2175890098123,26.7039665521998,21.8584710149196
15.30260169091,27.2053690060388,13.0714508233534,17.4325225280063,20.6783518007376,17.4685471915582
24.8731234110219,19.478923363124,18.3747289995463,19.2465262768563,21.2245386190014,22.2557108778346
11.2325166593287,9.41542209879175,13.1866973199698,10.2319264032676,11.944616409264,11.6580932655587
15.8354622107174,17.6774020692339,19.2969913073676,15.9565165615405,20.1340841709962,16.7192548547822
14.8997118467081,23.316916464652,21.4325559588031,19.1687506321648,22.4487495822525,18.0316840557459
14.2035806888945,18.0799255564102,14.1358355017094,13.3323872300719,18.5198898969221,14.5670646200202
17.5036187474771,28.2123336210731,15.783213172406,19.032851123909,22.1365740555665,20.3297403614807
12.3180526698795,26.8721948021361,11.804032243592,16.6182964849695,17.5402969106003,16.8356863200378
20.4584830382729,17.1602437426438,17.2673530564332,17.2631373162692,18.2245815613232,19.3983609597575
12.6642842387456,25.5672587415647,13.1760810333593,17.2897744827627,16.682899958164,17.434949572743
54.8140849448825,77.8565978438201,23.0318567892144,51.2685778236622,56.3360289606624,48.0979327935923
10.4894078347199,17.3312630095326,15.4976588613909,13.5173106219875,16.9953666692739,12.8056524143819
15.9191040758665,26.6098984081532,14.1537208564318,17.6615166150347,20.0179309600635,19.0032757653535
13.5445281391047,13.7684032957582,10.6387919961189,12.1504460473256,14.3672222215629,11.4340551620933
9.76517450739659,387.987825823215,36.3919880361543,114.48185063259,199.231269461356,120.43186827282
20.914082915735,7.22669746013657,15.2025265254168,13.4935590400836,16.5169215180003,13.3328263432045
12.9792163753765,22.5103288654092,19.747940908058,16.9957224049545,21.7297775491267,16.5119861947624
10.5399221664947,23.1710282343351,21.6885258715908,15.7598362682751,21.8704527982911,17.7691872058544
13.6402823257489,15.4915164608972,13.8697796092559,13.137866225362,16.1141544431603,13.7495577273797
20.5554370372502,19.1561443222768,11.4980335783951,14.9198441824626,22.5024574806479,13.7873132748116
10.1893969550031,26.1738784393112,9.43376991218523,15.309635193022,15.3032946101065,15.1841155033712
21.4971420441218,16.082477132938,15.875416368398,15.5133418088783,20.566628597333,17.3750651392464
25.7345066491833,22.2801882642052,14.8015998366901,18.6685421904416,25.6234937124971,18.5242588471399
14.3434771398225,18.3145343152875,15.2887993545053,14.3061679360169,19.1371984075195,14.5034444660789
14.0388440064973,22.0404695966594,15.902769982382,15.0166938829338,20.2247828756828,16.7406068269221
18.5797543328924,21.9222167058425,11.1524339667577,17.0746788954503,18.9027505700573,15.676975539985
15.9956306184038,18.2446810191447,26.8009336373469,18.242501743066,23.3926580408336,19.4060854909959
18.2062824823662,30.6451386771759,13.194085856595,18.8064685390189,22.7621613292558,20.4768771478624
19.1513945958899,12.7133460791726,26.9350728145988,16.872803786446,21.8505856319504,20.0764240712648
14.5825169237334,29.9617203766749,16.0024508404304,18.5657974543586,22.0179298648881,19.9629608215922
20.7748425019022,28.3494119917526,25.3608894525426,22.5318579211881,28.9679232823851,22.9853627426241
15.9060713563631,14.6117708639411,28.2420392934076,17.4545956950784,21.2096042035086,20.0956816151249
21.4376152998917,19.3713579094334,34.3925135720718,23.1615327276668,30.0633198249753,21.9766342287547
21.841007998113,21.8526682983502,33.3934587374382,21.0711395251707,29.6806922071371,26.3353033015936
28.5713128778358,11.8141290248055,40.3755429846579,22.4560962889427,30.5483597656639,27.7565288326926
19.1096657195341,27.4608219808756,27.2777278320561,21.3845408970479,29.308401467825,23.1552731675929
17.375846013699,23.0136226157379,65.4327200274935,34.5097154021524,36.4177948112383,34.8946784435397
18.1688026256864,23.2515155762397,24.6645195546218,21.1086737179084,22.9734733736382,22.0026906650012
14.3387809072093,23.747465576926,18.1151466889312,17.0603040061661,21.2993964247732,17.8416927421272
14.8446594828154,16.1332632597052,22.0599089528856,16.5347693399759,18.7637095815747,17.7393527738555
11.6903726728443,25.1864915005432,22.7299334550529,18.3141870029005,21.8697173956257,19.4228932299141
13.0216149073876,20.9599017053604,31.2176940729738,22.1486834134473,22.7957619850764,20.2547652871982
14.6518925526751,35.833980606225,38.63128769312,28.8702766142906,30.4639854918012,29.7828987459284
12.1252717095212,12.3185966841301,19.0980453012623,13.7912076021188,16.1438886540447,13.6068174387501
17.5288186339164,23.2129149119091,408.058748723918,108.847349225415,123.177850644504,216.775282399825
14.1719810168407,20.0897696806822,26.5075489865459,18.494593698375,22.8639908068627,19.4107151788311
17.538249631763,25.1401513175922,12.7143698145076,20.5503098628215,19.4246408256451,15.4178200753962
17.4305843929056,32.0091089715628,42.2351704105469,30.5379485341386,32.5288627295366,28.60805251134
11.0680764478449,18.96732308469,27.9352981094869,17.9094415813359,19.9369528173316,20.1243032433543
22.7208883679515,16.9519400111804,27.1558807637502,20.794760145599,23.4660137784127,22.5679352188705
16.3257143735092,15.4879830976205,25.5082955815807,17.4974188732209,20.9218590004018,18.9027151790876
23.2293724527229,25.3177661823649,33.78168828795,25.1737347540647,30.647616182495,26.5074759864781
76.6663677631235,42.5787942074129,246.979790754882,140.533293170662,123.003599802545,102.688059752211
96.2323885926422,48.8941912988982,278.816027006369,135.194241305302,164.130212183529,124.618153409078
11.4175840286964,13.0823664254555,25.1866555241583,15.2844861744595,16.6455525249476,17.7565672789032
9.49618258177346,21.276659110379,21.8144314461217,16.2544957860447,19.2844410343242,17.0483363179053
34.3181371843819,35.2748667585471,23.7439791736387,29.199783918105,36.1801510958281,27.9570481026347
9.51298727763852,14.0945024967725,30.3228799031643,16.3544694431927,17.9108327873044,19.6650674470783
10.4035840269462,18.4350753961017,23.3503137593465,16.3320382438784,18.9174911555629,16.9394437829531
20.2020002779698,14.6748789449686,25.1652494502833,19.7219356277964,21.5228564074982,18.7973366379272
8.46548630256266,14.4360664107637,34.0054671936931,16.5232610872923,18.6251506402521,21.7586081794751
13.5149295686904,11.3663070673878,20.1624314996554,14.1665605665699,16.556205312095,14.3209022570686
21.5646632021777,19.5819991554321,11.7617944064367,16.6713503117168,20.0687977307819,16.1683087215478
12.2791569939661,17.3240811204248,26.5577449851383,17.3611136260755,19.5032039114005,19.2966655620532
14.2681763278319,14.4369638498557,28.2701123841543,16.8017865598801,20.3710279176099,19.8024380843518
13.1400285276123,24.2841922394479,17.7611469095751,18.8952499362503,20.4736200185729,15.816497721812
13.4911439430875,17.9457415817779,20.5394650481136,14.2224495666516,20.5736790823396,17.1802219239878
11.0521037476021,13.1626176398305,17.9390649948239,12.891209260675,15.3205396360778,13.9420374855037
19.8319885165836,22.5462754710225,14.8276138598443,20.1856782273158,21.7718071097453,15.2483925103893
14.755031670323,19.1370144162249,16.7924532022516,15.7615593970077,18.7445939393488,16.1783459524429
21.8053253081629,10.8386839386036,18.6154273315328,17.2231087407171,17.1662256194587,16.8701022181234
20.3038984267721,15.9064985815816,15.0568313341759,16.9684265131341,19.095908795501,15.2028930338945
13.0230915776527,8.3241967586056,25.8646737729533,14.2193782623958,16.5706120696994,16.4219717771164
34.1638647372549,33.5808269381233,19.9426326042089,28.0908277515144,32.0448048297074,27.5516916983654
15.5930856069637,19.1181570231082,32.9658529404242,21.6936629692456,24.235152504826,21.7482800964245
15.3280595579373,33.3082066047306,29.818988343693,26.9180989652519,28.5753029372052,22.9618526039038
18.0875351424859,26.4904599326521,22.4035319292125,23.5463502116203,24.550223518044,18.8849532746863
31.5620699373006,37.7541257521676,23.2261568481561,31.4266427095657,36.4330556378088,24.6826541902498
38.4476669884478,20.9848319078353,36.4460825830141,33.3421610567986,32.8889786758901,29.6474417466085
14.1481002991785,26.5527597245254,18.4682641279662,18.6348445210254,21.8963436119882,18.6379360186564
10.3185203917814,22.1216220257048,16.9180374183481,16.0444747725702,18.411975235691,14.9017298275732
14.8744124272853,12.989520635472,21.4336731238193,15.094872710429,18.1277090724402,16.0750244037075
34.5746386658,33.9102309194649,25.3632417314192,29.0960254941784,36.6398421383894,28.1122436841163
9.51615940039643,22.6494285792225,15.6534707015045,14.1088376872837,18.3621164161884,15.3481045776513
8.14777351830303,18.5312762507145,13.7733539995614,11.8628696430312,15.6996513632712,12.8898827622765
21.1226270397106,18.3920828139635,24.5217356053098,20.058602516402,24.3218386441135,19.6560042984684
25.8884494883493,28.03681012253,36.8623686963074,28.9788604181743,33.8686198142392,27.9401480747732
14.0401842132492,20.2443432632508,16.9065706978269,16.5196453658374,18.8261363045341,15.8453165039554
28.9003512832575,19.2965828352764,14.8207714794838,20.2786972063132,23.2298054953125,19.509202896392
31.1073366751428,54.1291545178408,25.0124310041451,38.5078076915841,40.7706432534919,30.9704712520527
22.6803321979378,16.9416433661976,14.8067822757779,17.7057965081245,21.07543270323,15.6475286285588
14.8848434855896,23.4570331544955,21.8859044132505,17.863969128361,20.8184689491409,21.5453429758337
21.5264694288445,19.9991834065953,21.1217583826288,19.7104184072233,22.9241263011425,20.012866509703
21.8213741608902,17.7694116583412,14.5059168370806,16.3099328465178,20.5923328239297,17.1944369858645
12.9490216799675,13.8768896457298,8.69108523606365,11.2376516848582,13.5648126991915,10.7145321777113
24.4156862887524,114.220765649647,80.1179541482175,70.4925438099609,87.6071881626982,60.6546741139582
27.3843190488995,33.9857846915447,40.3813252986356,31.9553086019754,36.5551420622505,33.240978374854
10.4392528329932,10.9432452830683,21.2874569632221,12.2943454197177,14.8754792329012,15.5001304266647
15.9627296608361,16.0650148565255,21.661210970096,16.5451420710115,17.8904063876125,19.2534070288337
24.4484788421929,22.2490917444986,29.0833586144249,22.8906710545758,28.5226955816353,24.3675625649052
23.1461412799713,16.4285087178936,24.1540348488727,19.3117697658625,23.3710428101733,21.0458722707017
14.1067807185302,16.8523363565649,13.2228314664826,13.3950815792527,16.8914530046426,13.8954139576825
19.9822575535447,16.2672339261222,9.70740673574843,15.6898371745558,17.0110555205804,13.2560055202791
13.186909653919,23.16963092816,16.6506304340454,14.1702221496189,21.1405288630213,17.6964200034842
10.5483522602242,12.8143041670916,21.7502050047973,11.9817408930264,16.9092966964142,16.2218238426725
12.2566809560529,25.941732320244,12.4646901165366,15.044625328487,18.7538247767813,16.8646532875652
19.2797841092596,15.9262016576378,16.0573558203632,15.0229194725028,19.4453066666681,16.7951154480897
13.9381955234731,20.5299540085763,15.6390842498714,13.8984231473924,19.7170627152703,16.4917479192581
12.1039144752285,15.4643073188388,12.9460596415412,11.868803643168,15.4247562753038,13.2207215171366
14.8459106292256,12.0426209515317,12.8462414390147,12.3431006002185,15.0022982311757,12.3893741883778
10.0165239229739,17.7509013066653,10.9670270048695,10.4458914873141,15.2381440887565,13.0504166584381
15.3091494471089,19.2155918844706,13.1226985008118,14.6259097084672,18.2490668607143,14.7724632632098
15.168744222474,22.8876394229201,14.4917063066088,13.9994452338349,20.4184906078341,18.1301541103339
9.4485003339042,12.2936053794321,16.7664506971006,11.0396937527777,14.8717577142535,12.5971049434057
11.4248975432271,15.5073845818716,18.0688601487744,12.8358221471514,16.3693597291256,15.7959603975961
10.2236940559634,12.0576688386019,15.4223327038527,10.8112843032593,14.5919722850249,12.3004390101338
8.96434837846833,8.16824006271112,13.5292205696757,8.63616842358867,11.7908860292711,10.2347545579953
15.0755721207829,18.5691878776716,14.9372255115565,14.7679062836993,17.6570551273552,16.1570240989565
10.9536838031886,19.9659547282673,9.93426694229515,11.742844221419,15.3430291302063,13.7680321221257
17.4562038845858,19.9062671660626,17.1318902403449,16.3367760284432,19.6368434565451,18.520741806005
13.9580983084269,13.0155924841403,15.1374539801938,12.4302098644542,14.5714797900687,15.1094551182382
15.467531740948,19.2879252885008,15.3232720281481,14.5754593822032,18.2750412754823,17.2282283999113
16.3497911046988,16.2226169444189,17.6813901452779,15.4486171133953,18.1391283241443,16.666052756856
14.5055834296789,19.5249719702086,15.8622826088525,14.5859770722266,17.8960753657648,17.4107855707486
20.4001003574072,14.7220115977371,7.2462441886218,13.9020647275316,15.1248471172606,13.3414442989739
23.3020808626084,19.7238372067988,14.818865902411,18.2374061892298,21.1003195475185,18.5070582350698
27.4177671830367,19.605645914255,16.5653674547173,19.8779348958495,23.4883628920016,20.222482764158
24.093174033386,17.285959513869,7.89512575156612,16.5323187846988,19.0160774350675,13.7258630790549
17.8060436039227,14.0751603500848,13.8297297266203,15.4150855812719,15.8011045248818,14.4947435744742
19.5064561419684,14.590239642423,8.5468836368727,14.5756427685841,16.1014595773226,11.9664770753574
20.5918251936176,16.9410050621767,14.2048587221143,17.6626107887087,18.4724199361727,15.6026582530272
20.8198240781387,17.4183338759039,14.97499301351,18.238007706678,20.0147956371668,14.9603476237079
16.5852919390711,12.5990463967921,12.9934801982262,13.8385639676497,16.0493190454124,12.2899355210272
20.9255342769979,13.5270700785314,9.02276790306435,14.8279615993682,17.151072206825,11.4963384524004
24.3412186847083,11.1958141701258,9.87116990153404,16.9882230016912,16.6819916554617,11.7379880992152
7.92594760146674,16.7090240713189,9.95430324033468,10.5768474606661,13.4689732462302,10.543454206224
15.3574238265106,13.3405243822715,15.6466140338132,13.9342928132024,16.6167897632508,13.7934796661421
8.27414094050546,13.3045498268653,8.10201519210134,9.22192756544478,10.9258910069023,9.53288738712498
6.40880209771343,31.6894783064118,10.8537969501049,15.821411401653,21.3464290652077,11.7842368873694
9.04062714659038,9.34930216828156,9.9371876154863,9.14751090841514,10.6348004539926,8.54480556795046
14.5463022262948,12.0796268430102,14.5535319057982,13.852544697083,15.4266470472723,11.9002692307478
15.4721717456513,12.9433247933492,13.246459077168,14.3307220096646,15.040137846962,12.2910957595419
22.2535033880726,13.7022381704403,17.5661054658765,18.363489847365,19.6530807088305,15.5052764681939
15.7539113967846,15.54934273407,16.0561991895296,16.3837080374793,16.244267087557,14.7314781953479
8.96074846603696,6.17395724866234,11.2949857542561,8.64320656701664,9.19987682601159,8.58660807592722
16.9030270691957,14.0709826831384,13.0869235153859,14.5328927706411,15.3423748943041,14.1856656027749
46.7707328002385,16.0779570049516,11.4970998509111,24.3730572549206,27.4889013432296,22.4838310579511
37.3111334476699,17.7803895438422,11.18302035872,22.5457577882981,23.5409810506373,20.1878045112968
17.0237077702734,22.1006255969676,9.97483073052048,16.0845472029898,16.5983998542574,16.4162170405142
14.0641170338978,18.4454139865471,14.3754140263565,14.4055131919583,18.018813603067,14.460618251776
15.9952810507813,14.5132497464885,17.6274900441557,14.520807947663,18.1685642281894,15.446648665573
15.4926004070155,16.0562208486564,6.74494974324777,12.7103238402166,13.1886889772262,12.3947581814769
10.9711695543192,17.3778389106592,12.9569313288753,11.9846001122348,16.0374097703503,13.2839299112686
17.4463553716419,12.7753258157323,16.0575611248849,15.0060991711376,16.6178718977074,14.6552712434141
17.2813618010076,15.13781079236,18.3953574633933,14.8124140675203,19.7765831003187,16.225532888922
11.0991242610529,13.0541065772156,16.3844156002253,12.0294632757082,15.5576703536294,12.9505128091562
17.7780324533198,13.8814132587426,18.7192162097376,14.2962444888193,20.6480218596347,15.434395573346
15.1481654183675,10.206187291968,8.1240792282687,10.0209718067321,13.6814499421051,9.77601018976692
16.7693176852198,13.893419000275,12.3592862034402,12.5834341352202,17.9685235632355,12.4700651904793
17.9654566870171,14.6186234929964,11.9582690430322,12.1442880278417,19.2402747883636,13.1577864068403
29.0222690837853,5.91269764393107,8.53625918091964,13.4374972295746,17.9189386402821,12.1147900387792
32.2654409848118,65.6137018725166,661.969491799255,224.162422948546,294.219340913209,241.466870794828
17.4785011024814,7.59792415627579,11.9744910016291,11.1072403595725,14.3811497040786,11.5625261967353
11.765901501712,11.1688744053574,8.75960776835296,9.79213101629951,11.8659221062197,10.0363305529032
24.7655070551032,9.96155067363277,15.1762282834588,15.3710718348355,19.6100812540515,14.9221329233078
13.7103405717816,12.5959927979956,14.7281434137727,12.0376548216436,16.2068289286378,12.7899930332684
14.7626317054089,12.7416947183738,6.35644722743854,10.8105202134902,12.8404201525806,10.2098332851504
19.8127403402774,9.41160275881418,11.88696841267,13.8876801416518,15.2926626835028,11.930968686607
19.2866270032854,12.440426033871,11.5518247087653,13.344695191228,17.1050925967381,12.8290899579556
32.7258471516566,9.5557796806156,18.2525829826174,20.8720715631482,20.943038584833,18.7190996669083
20.0808248142715,21.1051416172447,11.0634687910784,16.9227932280806,19.0360015459288,16.2906404485853
31.1105990305287,9.58090292255232,14.4138318149023,18.454632839238,19.3464109251474,17.304290003598
13.2084850475767,14.6201909396035,9.27114045567353,12.5241298899105,12.7907721524322,11.7849144005111
13.0056816933285,14.6776039280337,10.2693361603923,12.5971880891885,13.6546829733294,11.7007507192367
12.4648327314433,15.5443453992784,17.7744731798368,15.1450315520761,15.9665890420688,14.6720307164136
15.3179071779204,16.262345310303,13.1117568634666,14.7972954181971,15.5236893525312,14.3710245809618
27.6317735683881,12.4888267359105,14.345625024933,18.9211081565105,17.5766581014434,17.9684590712776
13.9097709376739,16.6185732261924,13.9128894549725,14.5317907334245,15.4590968661137,14.4503460193005
28.441651043026,21.7621485027902,14.133473096969,20.3482750060036,20.8130363690568,23.1759612677248
35.0049155792571,7.65261228484727,19.0640128179165,20.132135834323,19.6450981582759,21.9443066894219
18.5891893439228,21.7029937323091,8.61278227206028,14.9024056167612,16.7359004183051,17.2666593132259
25.6740429088103,16.8597794393659,8.04913886655787,14.5322408166556,18.8634092634873,17.1873111345912
15.4838630121922,18.0707085511682,17.8600198672993,17.3552779244215,16.3777492692807,17.6815642369574
13.828503525271,19.7085087217066,16.0401089933543,15.3587226281614,16.7953619571793,17.4230366549911
17.4167972406098,15.6468642508814,17.2877738706187,15.8382968223366,16.6306749862387,17.8824635535345
10.3222433565241,20.1742141472125,13.1586951292469,13.2949955424325,14.6880489905109,15.67210810004
20.6150365478203,14.0958774982309,13.1039197214675,15.5237835889749,15.6457511082146,16.645299070329
16.8186493151798,10.9142746494816,21.4628647017042,14.6733221915376,15.6614594822099,18.861006992618
10.3276976697441,14.9191677346738,17.615860116957,13.1307677162258,14.5289909494796,15.2029668556696
12.8106427888539,15.5411890444959,22.7899077223748,16.4012624496036,15.3783957060375,19.3620814000834
14.7654416268474,16.5205893130791,12.245535809534,13.7591370421724,14.9500038434305,14.8224258638576
32.2309008552776,9.50054622483647,20.7254940871059,18.6308829312074,23.0175925915577,20.8084656444549
15.4942424382024,13.5639173870305,7.17530551355132,11.8873101777186,13.2703357099642,11.0758194511014
15.7861556970159,12.3496995048707,13.6500816114747,12.7886564007472,14.6519260376194,14.3453543749949
27.0517691602784,12.0782351401579,15.3883875765056,18.7110473739364,17.9842345908111,17.8231099121944
18.4720843196816,14.8281262740559,36.3443924443954,22.2343493067824,20.5401440382361,26.8701096931144
33.8570770765605,27.4425865201788,10.6419187977588,23.9102817127428,24.1198175600533,23.911483121702
20.0138832110344,14.1437073469195,13.602668522713,15.9103776782013,15.5586631826035,16.2912182198621
14.3656575546604,15.2929331425069,16.5068109050882,13.7439987759245,15.629098917549,16.7923039087819
7.93378171333621,17.0826317514618,13.3884049788227,11.9297609986712,12.8074241520901,13.6676332928593
22.1048554982662,20.0077417086496,10.0263384075569,18.1396380432081,16.288988705805,17.7103088654596
13.2677001999065,15.1912509441639,12.9769536526525,14.7752582791436,13.032558786082,13.6280877314972
22.6141013986369,9.90640810262791,17.3581257478807,17.3042245930443,15.2695972570486,17.3048133990526
12.2892673191304,11.5707597081646,23.6771318221862,15.4848669137679,14.4497571171788,17.6025348185345
19.6824778097195,15.0947356294942,23.202720874747,18.1287193667807,19.3277826645809,20.523432282599
18.9951886419431,19.1707149672971,21.3556129205221,20.3395693195102,18.8703145191024,20.3116326911496
22.9351594571546,19.3276615721913,28.9616088592888,24.2757204670952,21.6134778519564,25.3352315695831
16.8594318849044,10.8755123405573,15.2923166897876,14.0276022925506,13.5234134128598,15.476245209839
17.2752222627476,12.7977197821225,17.5215619096954,16.6606568470064,13.6316262277559,17.3022208798032
16.1643519339217,16.6336472472428,19.5208786604935,17.6477650765314,15.5472137158648,19.1238990492617
16.355824335513,13.7453169043013,12.3023445391524,14.8517890703607,13.0125273718738,14.5391693367322
21.5600763193146,31.5107832852376,13.0386847918486,22.3031124514885,21.1653146182254,22.6411173266868
20.2908695532932,15.0594894040231,22.8534170409836,19.8795352709214,17.2765849085219,21.0476558188566
15.2717160440679,12.9412351679061,16.2326860435632,15.3645863063755,13.3548652881262,15.7261856610356
17.4364655561346,16.0889912317828,14.0791813602383,15.4306790413688,15.3824461596302,16.7915129471568
16.3557000635011,18.6298227153227,13.0060396620378,15.9808415904499,15.3593023845862,16.6514184658256
16.5446798517382,18.4498769563383,15.4988456500399,17.5951183947652,14.3131318089652,18.585152254386
10.5086533874787,12.6922047846419,16.1416851189586,13.0266905226641,11.743023971013,14.5728287974022
12.5039804531256,12.245296542646,17.4816125914144,12.8972128084975,14.5030685035354,14.830608275153
12.8565592314139,12.7470009100391,14.90568758207,13.0587458016469,12.9149143929408,14.5355875289352
16.5571157349798,16.9894030998812,12.0436560273627,14.6396212565732,14.8829766982476,16.0675769074029
15.268310538148,13.0467689201048,14.4407658168498,14.6072099639418,12.563770037074,15.5848652740868
11.6422430614008,10.3913460324472,13.0131902562467,11.5924601564214,11.1654077030238,12.2889114906493
15.6351412168805,11.0582165548551,18.8962571169671,13.9840275622373,14.6954560156601,16.9101313108053
10.5621221727316,13.3757920658741,14.7951723819546,12.3905521252092,11.9535990728086,14.3889354225425
21.1842440475553,9.69015905753474,18.2342897418323,16.0370474356378,14.1859691390193,18.8856762722652
21.1625757491206,10.6099409849386,18.2397180181914,16.2284096414453,15.1509007581349,18.6329243526703
15.8207414766632,13.614714825265,15.6270118314452,15.3137266103486,12.9331348175596,16.8156067054653
22.1336518290869,14.0349212855111,15.3178982429776,17.1266412200134,17.0145216540647,17.3453084834975
27.3334432805616,14.7456737299421,17.0671263835075,18.9527363113254,19.1645713241541,21.0289357585318
23.2599036970747,16.6960439069131,18.1980389723752,18.4024774650234,19.5152311201733,20.2362779911663
24.1755524058615,13.6916960167551,17.7687547268705,18.1718556157601,18.2331944888946,19.2309530448324
19.4552726478381,12.4049551471112,20.8878317627102,17.6565356613812,16.6156544823495,18.4758694139288
20.6610664419932,16.7206653888124,15.8339377055517,17.7530857654258,16.2495917413811,19.2129920295504
25.7794045781949,13.5259789584569,18.1359157526684,18.7267994192586,19.2413563074354,19.4731435626261
24.1563752549257,14.6742428505901,17.4999781899579,18.4122752663914,18.4240808752847,19.4942401537976
22.3071944270395,11.3404613880922,15.3334035698518,16.7396865930615,15.8634861639128,16.3778866280092
25.2416361065691,12.6328489041642,16.6663923452707,18.7223145418516,18.4972920978062,17.3212707163462
32.1178055578194,10.9580780963272,18.1620864477489,21.2739216927661,20.1580760006867,19.8059724084427
24.2760440131089,17.44206465631,18.4224786741701,20.4421248957849,19.400501333817,20.2979611139871
63.378022430757,41.3153277928711,23.6502412807784,45.732529820319,43.4223258264902,39.1887358575972
19.1828117734962,17.384625982249,20.6568230379587,19.684036889329,18.1023453732826,19.4378785310924
37.7549098171293,15.328823239937,21.8744502543311,28.0851070946897,22.4255765509461,24.4474996657616
18.5814912523953,17.1583295662103,13.2680169660379,18.3820684184639,14.8809428091011,15.7448265570784
13.8217206667512,16.5516259094217,11.1143887750985,14.7101714696251,13.2158206486392,13.5617432330071
20.9385567267118,18.1907585746292,14.7058090645189,20.2793344167328,17.1672274131056,16.3885625360215
25.1272044393227,17.0447366351837,17.4260555048919,21.102498673033,18.7254627350731,19.7700351712922
18.3422644051227,14.8230407112309,14.5153900265212,15.8559614961062,15.2415031984527,16.5832304483159
22.1453774154566,13.9191444739213,12.1528210351491,18.0005493679097,15.7630116687008,14.4537818879166
17.6967994228612,10.3495947172417,11.5133960303309,13.6874255113294,13.4162267145137,12.4561379445906
10.6471677220238,9.95552791928312,17.6773729891662,11.6344351209663,11.8349338145076,14.8106996949991
16.5674212750322,15.1473102720054,12.5519562619823,13.833420403687,16.3027755197111,14.1304918856218
15.3263817664799,7.20483464164818,14.2846753592303,11.7332374522894,12.5269939355905,12.5556603794784
18.7654392718568,12.4045172640066,14.5279720168627,15.2678942304969,15.3497147807146,15.0803195415146
25.006515915327,11.9998559427976,12.2412818015331,14.3390140695376,19.2364564725869,15.6721831175332
19.5990582311947,9.62130724822241,12.3976397854968,12.8068349074816,13.4674053803117,15.3437649771206
30.7605221204824,14.1505667342988,11.2717067479744,20.7784880796699,17.0687717549256,18.3355357681601
29.7770148066736,18.1641846121461,16.0213696430448,20.1464893404635,23.505129277987,20.310950443414
42.8868532565215,16.2285860668331,15.9503738829432,23.3523057796987,28.4884435831363,23.2250638434629
19.6890200079309,17.7750408992787,16.3586717593525,16.3446349769322,19.8499413414718,17.6281563481582
21.1768735071467,15.615941064182,16.4769854409018,16.5937915527136,18.2532861461586,18.4227223133584
20.8265649544985,9.36954753494101,12.8885502058827,13.0065732242333,15.4067413206233,14.6713481504655
17.8478550407549,16.9527348440121,13.3284524953661,15.0323758062458,17.4267323204551,15.6699342534322
19.6611075752511,15.3662600425725,17.8360821431704,16.5318969101654,18.6734240088971,17.6581288419315
49.1521847151834,70.2955850505456,50.4998051999089,54.1159365898744,64.7701123693525,51.061526006411
38.7327253049086,18.9258348032836,20.3097234972797,25.2188924314847,27.8500448331461,24.8993463408411
35.5073270234159,14.0252883121295,14.360388365851,19.9108650897867,23.0438518422499,20.9382867693598
28.916134671727,16.7622975867778,14.9254253352537,18.564153771482,22.7177834477309,19.3219203745458
101.265213574515,147.686642063254,34.3314804182123,96.1134062456096,93.0677665240793,94.1021632862925
29.4617118269853,12.555543797589,18.2120035021555,20.997426426366,19.0576093774997,20.1742233228641
38.7256759312745,59.9183136355499,41.2973159977421,42.1202029299777,53.2567375353804,44.5643650992085
268.898088915127,103.717739046761,86.3083878955723,165.830126955319,156.830121751464,136.263967150677
21389.9212407613,27.1242348687763,15.4227145210416,4847.21987319343,10593.5237597414,5991.7245572163
313.684557223242,217.710084803317,459.076766186967,298.736220242492,378.958533296579,312.776654674455
39.71679859366,44.371845366135,55.1772736407967,48.3766022738736,47.819673952535,43.0696413741831
83.7181068541178,40.182942401201,92.2060461352688,74.2408533233669,75.4442049476316,66.4220371195891
27.0381469376866,16.3323160971423,18.0716383450475,19.8507189537036,20.7875860724672,20.8037963537055
132.169983460024,76.8264559554003,26.537532332285,89.2500566873095,75.3277191424247,70.9561959179748
21.5954104714312,14.6108674946998,15.6316734905838,17.7407086678216,17.5190075230927,16.5782352658006
21.4063312240208,23.277828053019,26.0326685140936,23.4102724177321,26.034305227359,21.2722501460422
437.934759746739,44.40581616754,97.3491887970086,279.452213257801,188.328380272166,111.90917118132
50.3368013489257,18.5845862908089,26.1727136280085,34.740563287751,34.0201388476756,26.3333991323164
2439.97962996798,20.4631825055335,55.2149692988469,908.430288841211,1015.52090715612,591.70658577503
60.2171241086722,13.8194347086928,24.0275308694335,36.3606404152572,30.0060293275114,31.6974199440299
117.360770225155,63.9003266213268,37.9159604340784,68.8171404986898,82.1735006965485,68.1864160853221
166.020825219801,66.4910007064369,62.5631899372128,100.173593132908,123.596614229609,71.3048085009339
34.1551798509444,370.703882909673,136.231990052386,133.006484888587,254.949283917798,153.135284006618
81.8558693564947,19.6516770089379,48.0974779162866,60.4867917551337,42.8652345605419,46.2529979660437
360.803860299006,18.7485549529703,515.432497485375,278.080875193248,366.70801666985,250.196020874253
121.041083676958,20.9536927630844,228.015825547797,140.133762330763,119.713137047169,110.163702609908
998.458589317701,77.5329221144932,27.9028674218109,403.07922447591,461.375377207777,239.439777170318
14.9720304607688,1098.08159104343,281.509777544795,420.278454361416,568.522818881275,405.762125806307
23.6902021230521,21.84749414106,146.735564965278,66.5429305927188,51.1621027208289,74.5682279158418
17.6988562959742,20.6844290595706,36.3975544920229,21.869149165704,31.1470230325608,21.764667649303
29.1091565604408,21.9141874895571,31.5087167748252,27.2950854369606,28.5562618999093,26.6807134879533
41.3739181875759,100.024144223687,52.1009149020142,58.2748446068317,78.9665210171717,56.2576116892739
817.75482678601,75.2939592897041,602.348204932205,557.373703670393,414.478666032227,523.5446213053
1782.13689969858,93.7833107556967,27.7053579364746,787.818460944981,730.931710131365,384.875397314408
28.1199468812702,11.6387579212408,37.5426057739394,23.7172302647639,27.9312278364511,25.6528524752353
17.624305892628,20.5211168524016,16.5743138409439,17.6991129863703,19.0786387534535,17.9419848461497
357.349928994936,421.559753745283,81.6447111760688,266.872567286009,368.258367373103,225.423459257175
41.4261908517965,282.865413122152,29.3771040654614,88.4221203399245,160.529429268212,104.717158431273
22.7821268131229,12.171809926371,17.1357211076655,15.1101345793817,18.4363732764944,18.5431499912833
298.516583780959,749.297480799434,39.6995595271354,309.08882034224,504.184541925684,274.240261839604
34.3058398135807,13.950311334045,17.0824891069231,19.8212305564973,22.7379680032521,22.7794416947994
190.746795524989,207.207512846589,77.4558114958183,127.895586042479,210.275243539424,137.239290285493
23.6780975984851,16.3391297653929,25.5924419600775,21.1887292171584,22.0431638783054,22.3777762284917
31.3491242970594,12.259239092329,25.8790795701008,21.6688660997246,23.3972320460467,24.4213448137179
41.9674014661456,20.6837379785906,16.1060828742027,25.8456083734477,27.3879752422485,25.5236387032427
192.062249486905,215.026083678259,62.5541924720794,145.23974147841,190.671556442123,133.731227716711
412.71624226147,1092.55123642808,171.345188902476,421.163020732148,803.540605219569,451.909041640305
45.3977466041668,64.0457682532642,39.2412243646751,42.4477614795279,59.4615842222992,46.7753935202789
19.8786330155009,18.8719733008292,17.8203925803723,18.9932049992878,19.6560229366795,17.9217709607351
25.1135984923639,11.3286239961867,32.3745458278901,21.4211775568366,26.0529282465047,21.3426625130994
37.8551318280833,20.8767857533202,36.5398071396823,28.8595926802725,33.5152268991848,32.8969051416285
33.1180600181535,18.27302513529,18.8731383417059,23.293053470669,24.5531147042431,22.4180553202373
27.7726884782282,25.7490063484866,29.3029228938395,25.2254449032863,32.9218794884449,24.6772933288231
15.4334599127754,13.3299727018882,30.8628117422959,20.3883348992797,21.4479605690302,17.7899488886496
17.3223228403657,15.0956078484643,30.6765550041629,21.2929126015451,21.5402544926942,20.2613185987536
29.8458027308307,12.0461296399704,22.6538769564902,20.3760388736948,23.6795731068036,20.4901973467929
19.0391965228458,26.8779185993904,31.9103948203814,28.9763459891459,24.8711881974583,23.9799757560134
20.4864243079027,19.8772146174388,31.9483200557966,24.9002619426583,25.0119578579934,22.3997391804864
14.8157179122828,16.8845276883898,20.2525343417465,17.4839742695853,18.1180192443053,16.3507864285285
17.726169726586,11.5335329793346,16.2916297610254,14.5800997592876,15.3986133031448,15.5726194045137
17.7424495391783,18.8700446838997,19.2744050659704,19.3589898958094,18.4568432822203,18.0710661110188
17.5550265358323,12.9898553324108,22.8088369199319,17.8295872362151,19.3049532187828,16.2191783331771
22.3063486761122,13.7594431830218,16.7468031454594,18.1388786430308,18.1504063803604,16.5233099812022
25.5221147415706,21.3677783592043,34.1009321163421,27.2735994658859,29.5874008990248,24.1298248522064
20.8004998538255,18.7266571335113,18.942627795188,19.6300369619733,20.265124641666,18.5746231788855
43.8810565823635,12.7259509596074,28.6871097009254,31.1388005181845,28.8097761379018,25.34554058681
18.4371787846529,10.7203597376577,15.4227220401844,15.7183909187878,14.1667284466593,14.6951411970478
14.3481669555957,16.0271998105239,30.6618097785284,20.8334363385306,20.6090793705873,19.5946608355301
20.1352777680438,13.0618580542749,27.7138398942271,21.7162643813471,18.6817477376686,20.5129635975302
25.5561313608569,19.4559454115184,21.9259633989009,24.3960965657818,20.9631649195743,21.5787786859202
17.9244375540342,10.722102178504,28.8331018647789,19.2391036845122,18.559047973713,19.6814899390919
19.9063020510603,20.3903208765277,21.016393051612,20.1282010807769,21.4518688339801,19.7329460644431
23.4278022733502,13.1289714656851,23.3327259929342,20.0656952364908,19.3996916463427,20.4241128491359
11.4162588776794,22.316824577733,10.2848074433245,15.0895989720742,14.7397409579674,14.1885509686953
10.8881357241124,30.1322033772334,38.3139272048252,27.7396700481549,28.069223804442,23.525372453574
22.8630512183747,10.6242978591611,20.3028542151689,18.3794874244798,17.0627887585768,18.347927109648
17.0969768181551,13.3253983263836,46.2853695259132,25.2160918438263,25.9863234477959,25.5053293788297
17.7396112681581,16.3451586997971,21.9593885166282,18.0033922642633,17.4793569318817,20.5614092884385
29.4020113614098,13.8625509357708,33.9379105167079,24.3576354622425,23.4290741600527,29.4157631915933
36.8505488685142,19.0916545645647,28.5349001901227,28.309847828843,28.012565859755,28.1546899346036
22.3606266854108,19.6848102284109,23.1738891033291,19.5636128472073,20.9123205108957,24.7433926590477
19.1879387535623,19.1913727297996,27.7627018672913,21.8746763237721,21.7747488626571,22.492588164224
19.366686219895,12.1794166915962,22.3773115319446,17.1455454722624,17.0217515793038,19.7561173918697
24.515477951866,8.09579362805758,26.0553334126628,18.7118915192424,18.332312526495,21.6224009468489
14.3925735065644,17.3552003939833,36.6678887512105,22.3645719152219,22.7859476027851,23.2651431337512
17.9917971042356,14.3029335136426,35.2004551514259,21.6088437393848,21.4980243945508,24.3883176353686
20.966322224047,19.1525473922461,15.6091474806559,17.5401370826393,19.2022736238369,18.9856063904729
14.0470583463232,11.6017239827818,21.8126954816038,14.6486786557882,15.3711883729739,17.4416107819468
17.538210389392,13.1805946505097,17.6203284140472,14.7153688592506,15.8866634139838,17.7371011807145
17.4279293128114,11.1345247693473,20.2361398225499,14.6029823631216,16.3149917962531,17.8806197453339
35.287173017225,20.3499591330649,70.0568811901698,35.9602133842691,36.6454195674846,53.088380388706
26.0085005388469,16.3767909426553,18.3179046905789,19.3120108580509,19.57089931442,21.8202859996102
24.5836948161229,23.2239020617339,19.9253732087653,21.8918195851632,21.549396555589,24.2917539458698
15.5673069223577,18.1536446539206,19.9175053264558,17.003852307082,17.2239883886846,19.4106162069675
19.3123970149295,22.9775919367133,29.2746668336693,22.4987415331141,22.6800806546488,26.3858335975492
24.7973691061199,21.1402510190613,29.7396615114482,26.5883919277576,25.3443641356606,23.7445255732112
18.8704508372531,15.816036180129,29.3631628888363,21.1243549470123,20.1200599706628,22.8052349885433
23.9552914134328,28.2833042399184,26.7293838243935,29.2200662115642,25.2349223143071,24.5129909518734
20.8557648474567,23.3798571559177,18.590460909359,22.1001378704577,19.3790068436443,21.3469381986314
13.8035111415634,16.9107704589845,23.082156255236,18.756851590829,16.4217948207256,18.6177914442292
25.4647691865103,19.2660488584083,20.8766761194987,23.0991252250225,19.5109849018631,22.9973840375318
24.6668853370069,17.3703008898064,18.4150913702706,21.3489719674152,18.113890697791,20.9894149318776
24.9441005466867,18.4005532692824,20.3220251526488,22.924068869173,18.7092837562278,22.033326343217
29.4808854695183,33.6670963727369,24.6828223089961,32.4850653183151,29.8737246604176,25.4720141725185
15.5728252537765,20.7216512388891,27.7661711444663,21.8591204090785,20.0011338656892,22.2003933623642
25.1885279427466,17.7327233762847,19.561981241288,21.0938954250589,19.0953402157508,22.2939969195097
15.9778952068849,20.1660226475349,13.4562356084683,17.3241069359008,14.2108663550118,18.0651801719756
20.0962058473521,18.733873994746,20.2247591161688,20.8604913232599,19.5292526407636,18.6650949942434
240.928694429569,213.65055048286,26.1964044580499,192.979066945283,177.050965139031,110.745617286165
18.7792191755622,54.5150734273384,33.092563134793,37.4705178798311,37.2899959238182,31.6263419340444
31.3296856238781,56.5592652765678,52.498050958605,46.1638008858486,45.916046070857,48.3071549023452
28.8493854840305,17.0461831989057,15.951313252709,21.1568314830093,20.342488007501,20.3475624451349
18.1973035061883,26.1922253867407,25.0713880980029,22.2209900825074,25.5946996534491,21.6452272549754
19.1829393373844,48.7259003388776,24.8796352424526,34.7669890164959,26.3439499495711,31.6775359526476
38.8650064099378,170.485091163662,22.0590070492889,75.8471015741353,96.0949987963755,59.4670042523782
47.7651023002258,143.934877373844,22.8391028763102,69.8800479276219,88.0301216756649,56.628912947093
15.8831838605638,29.141687791124,20.4392219704128,22.5283862753625,20.9290630693648,22.0066442773733
26.6786567117786,20.4136655403983,14.9807681030925,22.4845053646219,20.7026119212909,18.8859730693566
31.7244786274252,106.526443276257,21.1040326042102,50.0627200836162,67.5105574461854,41.7816769780909
23.4697880287818,29.3537932128705,15.3408446741812,23.8115131062442,22.2096733487109,22.1432394608784
13.0388281007925,18.0479858762131,20.8541218597809,17.9047481957021,15.9026501564973,18.1335374845871
11.2335309382425,27.9269554455648,22.0249610860919,20.7304584324413,19.1985704231942,21.2564186142637
19.5947972604543,20.0989077739078,20.8117645584111,22.5464988540841,19.1548240087032,18.804146729986
25.5052683517594,64.3017594392388,17.7129938462789,35.735378072457,43.4147633113241,28.369880253496
17.9043328934225,67.213255279771,25.9220528423522,38.0612488107938,35.9862085305326,36.9921836742192
17.2167019286823,38.1773290419708,14.6610269319349,22.8982568952817,21.2831929135293,25.873608093777
16.7381706871199,20.8606341956675,19.3155407274636,19.7893250129122,17.8882595944535,19.2367610028853
13.9513010319491,37.8595274753301,20.7203354071949,25.5556918282103,24.464684633613,22.5107874526509
20.604830074614,90.3639441961335,20.2621948889933,41.1124356179854,55.8350632636224,34.2834702781331
18.9807664563091,65.0352444721189,17.1932575641283,35.8280151465349,34.0541640595101,31.3270892865112
16.0146372979401,30.2850913928949,11.9966943375512,20.1350548059063,18.8438229251106,19.3175452973693
15.6661275982046,34.4065573691375,13.5676050006546,23.1908945367471,18.0901769645977,22.3592184666519
24.7182619813634,78.5924553586035,20.6748536511314,41.6659635511603,40.2622080859039,42.0573993540341
16.2336993028151,40.5792975877107,18.8589835423024,27.3895899116045,24.6619944516422,23.6203960695815
26.0096299194659,115.689728670768,31.9453259233273,56.2770258488919,66.3383516303179,51.0293070343511
19.2854874686662,38.3791279713379,20.2618808422195,29.9500582229238,23.4777033273078,24.4987347319921
18.8735227257372,60.4364343670276,22.9056691601799,36.8162945022114,32.4664323660049,32.9328993847284
20.1815898844065,17.4762464445201,19.8118524086239,21.2897505580296,17.8651031428358,18.3148350366852
20.865777002116,46.7732168577288,31.6849496073507,36.2152062286029,35.6267224622968,27.4820147762958
32.1900776401035,73.9044402073536,20.7844500695859,47.1182690987041,42.0112334476842,37.7494653706547
19.7573593634564,29.7296773686967,23.8657908104892,27.5966813073698,21.8235834942819,23.9325627409906
33.617866129707,26.6510492462297,16.8958797686675,27.6056666984595,26.1992736283436,23.3598548178011
14.2059430383658,43.7554906158691,19.8023197677122,28.647417476654,22.6925032348786,26.4238327104145
12.3807572844778,13.8606359672873,24.6849849882562,18.8167878379911,14.7569211873867,17.3526692146435
14.5103770607727,26.6745044182439,18.2017641791519,22.3339207025965,17.1675317638773,19.8851931916947
27.1055357463136,63.2756750653951,59.6997165785657,51.7738873107161,53.9487068110548,44.3583332685036
15.929601839946,13.2752036946311,27.4514853518603,20.9244577061255,16.762517697617,18.9693154826948
11.9173438330041,17.7376290825661,12.3724774606185,15.5010740371208,14.655597726199,11.8707786128688
21.3011432163841,29.2975131117264,24.8477112165795,28.9386311461373,21.6732988800505,24.8344375185022
16.2359593249657,60.5504606492295,18.1681920474862,32.3111817809237,31.2639425459752,31.3794876947824
15.659787758135,86.6781878256671,27.0421327876311,43.0885651317959,44.4508601238171,41.8406831158202
14.7144579035108,59.3249735400614,14.7258310580339,28.6195599718534,29.9591185556056,30.1865839741471
15.891705229687,39.1427186212344,16.0703404314835,26.3185817736696,23.973869886142,20.8123126225933
17.783599584621,35.5247521765364,22.292672189163,27.0613583506229,25.2890445159352,23.2506210837624
15.6991995785341,53.827345531457,21.4367160225426,32.2840374957739,29.2386754360763,29.4405482006836
13.6783917935701,22.5679644554025,15.1354681587509,18.7647183939984,18.4251192406827,14.1919867730425
17.6571171641124,40.4654688425433,14.7912802587854,27.0268528819121,22.6077045105031,23.2793088730259
10.8820867518742,20.385690964415,25.0869414228353,19.9833562840354,19.0480317978456,17.3233310572435
24.5430723493674,14.9261803849649,30.2435797793946,25.1876218600538,24.4285402117634,20.0966704419097
16.5599032396654,8.88084549542709,25.2698918230749,19.3250191447179,16.9529072927238,14.4327141207257
16.8287379225193,7.92708155174814,15.8449695311145,15.8673975863898,13.5655525751257,11.1678388438663
12.2624773330891,9.32354160697279,18.6488145610006,15.4857845869527,13.2177760113084,11.5312729028014
18.5868282889476,22.8909141987408,12.7207492317798,21.5637409768092,16.876307526247,15.758443216412
15.6147437234292,22.289907617438,39.0320519051679,25.4833399659982,23.7832197683203,27.6701435117166
21.0139358433074,21.1891981945767,14.8986442061853,21.6870693583785,18.5868007200706,16.8279081656204
13.7671592447882,9.63072449873061,15.8141591670432,14.1449293679824,13.4808003033073,11.5863132392724
22.2639158323212,15.0594715232896,15.0719110939061,20.0400432127081,16.4988252303458,15.8564300064629
25.3810764666938,12.6947885265055,16.459928370222,21.8053909280359,17.4655744481452,15.2648279872401
25.3413638479619,21.8491241332217,15.7409697361043,24.3001809329465,20.6134525103678,18.0178242739736
17.7152958718942,23.7310025402286,12.0338842160705,20.0574540106146,17.024123545161,16.3986050724178
21.4008248050697,18.4141763532333,12.5775288380832,20.1431806467641,18.3947422738591,13.854607075763
19.4219998463186,19.0244852493808,17.5790135754056,21.459569201083,18.3202985816774,16.2456308883446
28.9177644332275,19.4816633509923,17.2892683110297,25.5919078526654,21.4633132723837,18.6334749702004
25.7861125229881,8.95086338792454,14.5964769175016,18.9614900068663,16.2330776656542,14.1388851558937
17.8672584498489,22.9254414130512,19.1211630879599,23.2453729689705,19.9993456605689,16.6691443213206
27.0392144478907,19.2341115487669,16.2320291074159,24.4191177126951,20.3213871384757,17.7648502529027
23.9827799333747,21.2377419973036,12.5578068957409,21.7389283403656,19.6460250293672,16.3933754566865
21.2811452045095,21.4588736872783,24.7291001899725,25.6792730246563,20.437100925213,21.352745131891
25.8462862761368,25.6352813266305,16.5491858751434,26.6064643183248,21.9968402914969,19.427448868089
20.6652254127974,16.5539678805761,15.4305852243538,20.7039485279381,15.7178827149959,16.2279472747932
