"total.c","average_lambda"
481.256006042497,1.34932776983058e-05
42.4611714900957,1.36297493095404e-05
73.4579426990942,1.3570019716943e-05
57.3723267400024,1.42483263451737e-05
117.867622230145,1.24970023319857e-05
61.7705528936352,1.37749030601415e-05
58.0781259041747,1.38531049311455e-05
62.8188678338301,1.30523452397728e-05
118.198747127081,1.33682212351791e-05
59.8113351027738,1.25134097929748e-05
60.1133172256137,1.30293794542351e-05
53.6528246101827,1.35476383560341e-05
76.1275925212328,1.3885863129173e-05
48.3874447783374,1.28467716375279e-05
61.8891309975124,1.22054818150625e-05
100.719749097777,1.29458209468037e-05
104.661096562197,1.26782971564225e-05
71.5578451247066,1.32230199073474e-05
57.5121467535941,1.27077928327519e-05
73.0489550590535,1.3293427635844e-05
50.4635529461464,1.29416602322981e-05
53.7554940047932,1.27424234285762e-05
61.2402255383016,1.32311194155775e-05
63.8209367322546,1.2813666641226e-05
65.0860085231598,1.3124639293241e-05
48.3273998179599,1.21021184813791e-05
52.1899422975158,1.22603275049653e-05
129.928580308149,1.19847314007022e-05
72.722296371413,1.28119194728913e-05
46.1904462362849,1.25821112217781e-05
70.5934548282563,1.23328826693853e-05
58.071155569903,0.000124426571756327
63.2765005869421,1.17930016779462e-05
55.4660929653323,1.23892106859206e-05
124.251440057446,1.25921259362107e-05
57.5294616927917,1.23846471433636e-05
43.1734711083884,1.30628939436391e-05
46.283829700865,1.28398401647685e-05
49.9719098672883,1.2338982009033e-05
64.3595275827615,1.2203149681654e-05
60.3989286352376,1.33535029926557e-05
57.3213212929801,1.34010021779701e-05
180.0473423619,1.28359466284517e-05
132.72248005387,0.000218730836345044
49.6822785557212,1.33038273526731e-05
67.2173085684757,1.33203647005397e-05
54.1058952458122,1.35667931038439e-05
57.804736815819,1.41513272497805e-05
68.8118769152958,1.38399720872423e-05
60.138498118527,1.3305229813555e-05
67.8573203098597,1.41764492572696e-05
64.9718748139701,1.38460977355195e-05
57.6113045670813,1.42707214978392e-05
75.8203407576764,1.44728661483775e-05
64.6013734613302,1.45281795272902e-05
64.9097554999541,1.44133558397471e-05
57.4784364369942,1.55734417806514e-05
58.2591891155688,1.44750944756472e-05
56.3583489658684,1.54402855414191e-05
64.390839313385,1.44231118710731e-05
55.4214487205148,1.46922648597376e-05
57.0273355155106,1.39109676508178e-05
55.9206667442671,1.34599175145123e-05
55.5168301409754,1.37848233154944e-05
124.97246635062,1.44577455407405e-05
114.404115482275,1.41779648872719e-05
1422.46388563512,1.35854884935568e-05
124.426422691979,1.2982524918281e-05
264.641411507658,1.36508453478352e-05
51.2197054519239,1.31425968534999e-05
78.2119038556479,1.31815563265669e-05
47.5672392626227,1.29479936034286e-05
58.7473361848818,1.28769482512682e-05
54.9592221689736,1.2645461363292e-05
134.620329233356,1.24118196999003e-05
77.6627548532045,1.31006547551706e-05
75.9946213292717,1.2857668548471e-05
105.317788075867,1.28960966548148e-05
72.1153259763089,1.26800616558164e-05
57.6336382235698,1.3078734689567e-05
168.997983590759,1.26763839709051e-05
88.6699571013442,1.29033431453568e-05
54.5224954139768,1.33189268851063e-05
104.462915532186,1.32517396451997e-05
85.9091977101976,1.27339079050681e-05
64.2904630627222,1.17848512820274e-05
58.181977959618,1.20079671182668e-05
103.453788361872,6.66730036576397e-05
50.3543736033248,1.21361420595097e-05
101.671168110012,1.17261956593166e-05
81.6389026540048,1.1030490474065e-05
55.9618261840462,1.21832054452424e-05
95.3639811347775,1.26948617438537e-05
65.7123664960808,1.21779955465397e-05
48.021708981292,1.2917126716991e-05
94.9918114667036,1.20848562056275e-05
56.645602705188,1.20488232486961e-05
78.5123862630468,1.24963177443252e-05
55.413086139105,1.16627674853525e-05
72.4865272402812,1.20257568463337e-05
85.796070001042,1.24252285752361e-05
61.9517488598623,1.21560636616456e-05
373.902689089314,1.23287126756505e-05
58.6864217392354,1.24068383648516e-05
55.855080935415,1.28944584404448e-05
63.6185868412973,0.000321028839168478
61.1537188567901,1.18592450742153e-05
63.3120739412068,1.24030389027638e-05
58.3228970306225,1.16127692561043e-05
106.345002408851,1.15903571662186e-05
40.5230641493887,1.17137372284467e-05
68.2327749026621,1.16199856261611e-05
59.3793539442282,1.20385332373795e-05
57.1752615309704,1.29772634931716e-05
53.7928065953618,1.16407790997374e-05
61.0464227862939,1.24678322470618e-05
77.028078815549,1.2248399897581e-05
49.8782156200567,1.25396070245808e-05
68.2652839862366,1.17990653660478e-05
81.4396738723518,1.20565035040774e-05
51.0202761962912,1.3025636992929e-05
46.791529539515,1.30277313466295e-05
61.1494472575002,1.41214951158067e-05
50.3162596333253,1.37774156529723e-05
50.3100950984689,1.41616925276632e-05
51.0207536061213,1.3655039095835e-05
42.8282225195549,1.44783704044585e-05
49.1082871127812,1.39028529646519e-05
50.6884821357022,1.46105519963907e-05
56.591110858283,1.39888481951015e-05
52.7561908462352,1.40270752905222e-05
52.9708120468115,1.46922837119873e-05
59.3312780406744,1.45196451966729e-05
52.1451621249862,1.43342869634884e-05
48.2595540265411,1.42584602254279e-05
68.1179417837846,1.43736664332152e-05
95.0678505226095,1.41576404606319e-05
55.8492445012224,1.41945840298542e-05
56.0127622171699,1.49903627718154e-05
43.3717736327077,1.33760691310333e-05
56.901597681074,1.42204106826258e-05
45.6690600872073,1.41030294034883e-05
48.2859062332977,1.38720055519771e-05
38.2267473970623,1.44733054410579e-05
71.6727979173738,1.39663346927475e-05
46.8425623520966,1.37425892560037e-05
104.159490738187,1.37253977117018e-05
89.1903372209378,1.40083495752714e-05
101.123748624829,1.31456593282168e-05
50.0103250443388,1.34351392855721e-05
71.2848645331379,1.35094819375062e-05
57.4345136743403,1.37017600184649e-05
83.8867338479557,1.3663036722923e-05
41.1425059298336,1.38500120334078e-05
51.539725244459,1.34704190672539e-05
55.6943697313415,1.45402115479701e-05
44.9984569531842,1.37471014379923e-05
33.5836385263716,1.34333573239803e-05
53.9680843694147,1.3784085374385e-05
54.847631410319,1.39120512848643e-05
63.6055024817876,1.41510512346485e-05
60.9823332515742,1.3965407257083e-05
116.158057746329,1.38448991855085e-05
64.4178561508809,1.43132521116891e-05
37.2196415006684,1.42322403675046e-05
57.7493666935988,1.36081346004812e-05
49.6989745692857,1.4150722454878e-05
59.0534449840468,1.39115425638859e-05
74.2600578396757,1.33919460500618e-05
64.8661609573121,1.32051269940693e-05
47.5996626709425,1.39182028572243e-05
62.3810039649478,1.3119887035281e-05
50.6949741016078,1.41611888603565e-05
52.0619773477309,1.48063719667051e-05
48.1644226079502,1.30585733682954e-05
49.8309515060338,1.45683541134367e-05
43.0310710951615,1.46874788868159e-05
60.5123713622027,1.47189302896956e-05
51.1484534236677,1.43377613959515e-05
46.4028595751943,1.48919089488249e-05
54.7142423710293,1.54555793048715e-05
38.6375821431084,1.52592573817346e-05
42.980905890158,1.50980660542488e-05
32.8921028247992,1.61350667839389e-05
42.4999415103993,1.57707364132443e-05
44.052513672544,1.41373134365034e-05
48.5807971192908,1.50641262901613e-05
44.2329118319077,1.62068959693745e-05
41.7905781437877,1.57698096923731e-05
47.0785551579152,1.51290747351592e-05
56.7122669697504,1.4603444707867e-05
52.2612666943498,1.467417311726e-05
55.6824297058322,1.52690888277955e-05
61.3889029188267,1.668803457188e-05
44.7451359553869,1.47732944627033e-05
141.627740314043,1.37937829908887e-05
51.3884556560452,1.47827050020466e-05
55.4079384153784,1.43063330884027e-05
37.877282719684,1.39257879890737e-05
52.3593940019779,1.45878555982006e-05
39.563587623852,1.52696887265847e-05
41.2289998497317,1.41682468251913e-05
63.9330146410888,1.37821298406782e-05
50.8777517443889,0.0003460241351898
50.0323817946756,1.42103226035476e-05
49.0906562053341,1.47856465118022e-05
50.5207030191458,1.44351946522105e-05
61.3913393943784,1.49097459509144e-05
55.5083975847821,1.48753295705075e-05
51.3408509528091,1.54358664313537e-05
53.2967610000481,1.46953900611485e-05
49.4354140285819,1.56053773928231e-05
42.5480326910279,1.54930315058043e-05
46.6252921321809,1.5201289360886e-05
39.3857933757424,1.54619953912688e-05
81.6783782449949,1.54332666290859e-05
40.1732700765946,1.47809865180055e-05
53.8823800178551,1.45559054539093e-05
41.5330805601645,1.48510339170499e-05
42.0167190257865,1.45949391329631e-05
43.9500228509699,1.41063599652205e-05
37.1304312167072,1.39383816517789e-05
47.4926522090763,1.4423400793159e-05
45.9506314724723,1.30742574002952e-05
56.0389988790077,1.3265599764845e-05
49.1766216991003,1.38093758684151e-05
27.6250663655008,1.40280954643412e-05
40.1902938539788,1.36287876815785e-05
52.9482888608168,1.35149924751157e-05
37.9887459504053,1.30798413659188e-05
135.442950780852,1.34197489913173e-05
63.7075243215298,1.27464391120499e-05
52.1833956386697,1.28263784122845e-05
53.2685183651989,1.27629716708141e-05
46.9467166910807,1.29296683922751e-05
49.1590300978777,1.32743865672965e-05
56.259037477554,1.3267926089987e-05
54.998467838766,1.28556007108666e-05
56.6709710782552,1.24875880813075e-05
44.955469598679,1.34212759358708e-05
69.7457879998113,1.30994168521211e-05
55.8111306560563,1.25605631936965e-05
73.1131404536237,1.34479901377193e-05
75.0375794145176,1.28856857287056e-05
66.2282232201774,1.38379225281526e-05
68.4377515689802,1.4465453556029e-05
50.0456338807881,1.4077765327643e-05
52.9647041156381,1.48233750643699e-05
51.997426658205,1.48239167357294e-05
54.8299548147936,0.00125429650268201
45.2193035799131,1.65461294520475e-05
58.8314686262424,1.55172181785045e-05
52.4768556930527,1.48057881889268e-05
58.3424198977753,1.65088350186508e-05
101.252350952542,6.55925951427248e-05
54.4761443432602,1.56053625318799e-05
52.6970558602735,1.64983683856257e-05
52.0629297676821,0.000303291474757064
54.1352608181455,1.71770319949137e-05
47.397797860711,1.50603368574042e-05
58.5157268983152,1.66983737025902e-05
55.1522742318149,1.74092569952261e-05
59.0160547936861,1.73322260837999e-05
54.7286702819904,1.73985165629708e-05
38.4372042566625,1.67546936024128e-05
72.4515634474239,1.54590248401809e-05
50.9306437610907,0.000582854362911629
51.8953429573273,1.43598204672551e-05
51.942294883751,1.56053940459499e-05
62.8748389800795,1.54874769671187e-05
45.1674591923441,0.00071671305477844
67.24576966704,1.64818698322601e-05
48.1144915737996,1.62790020870608e-05
75.430822615825,0.000841260629483627
69.1726605096515,1.59463647545298e-05
66.6787902300129,1.61936284764835e-05
111.027140465569,1.49623831247444e-05
75.6927964698829,1.38769875328816e-05
72.8218467112448,1.59371865987177e-05
77.1211660292084,1.41398311269723e-05
96.287411002915,1.46378435301481e-05
55.2182065019523,1.58801283086958e-05
68.7331604070683,0.00111872578301191
63.1941660683206,0.000313812600952499
57.9036753376754,0.000866687513294813
59.857448768532,1.62718967392898e-05
71.8546418232418,1.61492563282783e-05
65.592885734693,1.61923137786444e-05
88.8039728642274,1.61479037508002e-05
56.7952602897251,1.76566400127119e-05
81.0909522018785,1.78747596120828e-05
73.120476973737,1.73242965907437e-05
55.1237385133272,1.69558808687162e-05
60.7448121259749,1.70555819026959e-05
70.89512201482,1.6833383813813e-05
89.7664802490123,1.68152505366626e-05
1048.07570115345,1.5827242503213e-05
568.945510924536,1.44506105962048e-05
43.6360077244992,0.0012823446048728
47.5506829303377,1.55930776593617e-05
104.667480936736,1.65497157826824e-05
56.6213895451222,1.55663041863195e-05
70.5682384098941,1.50042162081527e-05
68.7106482146732,1.66893197069316e-05
99.2261258822529,1.5802723042839e-05
39.4232889820176,1.51884688471094e-05
73.0205482435388,1.46284843068871e-05
46.1917628938975,1.75657414367965e-05
62.3451074098012,1.48783482352369e-05
62.2540701197124,1.51211836859821e-05
51.3407929539269,1.37313840176992e-05
63.7167366695671,1.45841534679439e-05
61.732554204624,1.43891644936722e-05
77.298769306947,1.3982873101526e-05
58.8577909945046,0.000352503497531223
57.5090182095228,1.42976401138266e-05
57.0463616039112,0.00179416779213397
79.9679558936934,1.45327262446527e-05
49.2711678234223,0.00107477257785655
84.3533754992489,1.46619139046315e-05
94.9430557213923,1.33846546448778e-05
87.6397030892076,1.29983284424637e-05
70.8651209070185,1.34036002846672e-05
61.6563899679517,1.22493991921151e-05
60.3291844060979,1.35725923578178e-05
63.5672194259896,1.45532965178314e-05
84.5403903719708,1.46237973803621e-05
61.0216363765614,1.3632486207774e-05
57.7998675678616,1.33433988885089e-05
55.1918233146282,1.38662343227387e-05
147.54009835856,1.4066813828394e-05
59.1459357684492,1.475453929101e-05
60.1548737846843,1.29688356049642e-05
139.675929431114,1.37043300350428e-05
59.9986727201278,1.36879337153307e-05
55.6439179356835,1.35612510008226e-05
55.1477485400318,1.46441213944507e-05
45.2653222894922,1.42262131369516e-05
49.7217021062192,1.49461818576608e-05
392.989111759444,1.4661798021226e-05
82.7199529137104,1.4262376118598e-05
46.2002285587572,0.000793910109742265
50.2928177696471,1.34353840292442e-05
94.54116259488,1.37759180030924e-05
42.8585795761184,1.48082367358397e-05
37.7963142898966,1.44898334297852e-05
48.6110447753636,1.36796130526406e-05
49.7644179431194,1.41076883901675e-05
46.4118655835215,1.39657275389126e-05
51.0560099801107,1.39118299284651e-05
40.9179719574935,1.41436896520588e-05
54.0238308066139,1.38164044698459e-05
31.0252549019782,1.44675868564257e-05
45.7828839308586,1.4777629597325e-05
39.7105146762641,1.44942871957231e-05
56.198137134576,1.43379156852385e-05
54.2910979742744,1.47888120733691e-05
43.0051175815161,1.47520532756676e-05
54.1554714753412,1.37942515682298e-05
36.0399463715575,1.36585024612085e-05
35.9711178902844,1.3706382561471e-05
54.7823128668638,1.46120961574537e-05
43.8631261688416,1.41597207254164e-05
40.6831736229733,1.32647211163622e-05
50.3205937837708,1.34082303366421e-05
56.2033476793937,1.38362543647023e-05
60.3661738776506,1.40877495891728e-05
52.2481242246981,1.43140745624021e-05
45.8065998162176,1.40470330946436e-05
53.6205351304218,1.36771359956002e-05
50.4617270037462,1.27930672918366e-05
46.9157896559163,1.35065012560558e-05
50.8969084141121,1.28285541308859e-05
55.478367709772,1.3331415985002e-05
56.8417147088306,1.28945362632379e-05
52.829888182337,1.30679303677318e-05
51.0008173687772,1.35061466706107e-05
53.2089897061337,1.32410531789134e-05
46.4856839866333,1.21511536643562e-05
41.8510150460497,1.22750423719777e-05
42.8977758359482,1.30699221908452e-05
51.856223427966,1.3362012091325e-05
38.3552496040076,1.29149537309727e-05
41.735477601108,1.27578104361624e-05
42.745338368305,1.32225799675168e-05
37.854343697611,1.2360971569411e-05
52.0195587226439,1.27190915376885e-05
43.5793028927551,1.32953729059615e-05
53.2632565955606,1.35144358938646e-05
50.4534177887092,1.2143390117334e-05
37.5380837334225,1.21581921620534e-05
50.1466342868122,1.19675282906527e-05
54.2445103813761,1.23241082577251e-05
54.7090463192479,1.2439042311486e-05
52.0218511892357,1.22968878273793e-05
53.7725139106404,1.20402117365373e-05
48.2306131712698,1.14345926442499e-05
42.3463908117885,1.28406407735781e-05
42.0936398117707,1.26360445598767e-05
46.176941479388,1.24914216906584e-05
40.9021705754007,1.29304195018291e-05
42.8004011126977,1.26643950002072e-05
47.2075932139444,1.26416660762763e-05
38.6808906594592,1.19548819145082e-05
34.35031181208,1.25576754701669e-05
264.856860464764,1.15824081822084e-05
41.273249031183,1.11777147695978e-05
38.1845709191301,1.15604925955543e-05
52.761961642315,1.19908969049707e-05
51.6971171791497,1.22439710583081e-05
40.4197290975055,1.2027815729579e-05
44.0583039245563,1.25379190301438e-05
52.1551868792357,1.10986885543573e-05
60.0477791519424,1.09782769085039e-05
40.6667328680773,1.18208363591221e-05
39.5447307249184,0.000241164994599937
39.6866126673095,1.21829356778745e-05
45.7611300991067,1.26754619372658e-05
40.5612012752427,1.2314043941546e-05
38.3462770908089,1.17999876851086e-05
44.9748232877924,1.25326946628217e-05
44.377418890313,1.29270084186074e-05
54.3458526645311,1.43030677418307e-05
56.4604567381422,1.33104802845048e-05
58.7277086155601,1.30274370616407e-05
52.6578754993717,1.45555149567923e-05
40.211450576011,1.34293270532124e-05
40.2654918734147,1.39055604398334e-05
48.6233752112947,1.41271346686083e-05
38.3383583605572,1.40364964470984e-05
30.9810616427705,1.40091517962161e-05
39.4510462843991,0.000142985720520412
39.2918980557094,1.38515382280605e-05
45.9106196719904,1.28631972322935e-05
39.3786409659288,0.000722859753330188
53.6407183531796,1.54980166997177e-05
49.4368618517715,1.28215062692783e-05
48.5432174556227,1.37437959675404e-05
56.11591800825,0.000466593182765177
73.9304598415406,0.000378835127788045
79.6038813728271,1.47130253208323e-05
54.1908256648772,1.38097228400473e-05
57.0187477715689,1.56765971871706e-05
40.0938113547068,1.57048443576004e-05
67.6323290576991,1.53843191832747e-05
61.7855858538017,1.81567770109661e-05
59.9693606323077,1.57530820907859e-05
62.6164721277136,1.55528840981522e-05
51.1666590355255,1.38720424556211e-05
60.1246018132418,1.40978441435014e-05
110.141184724981,1.52671997439642e-05
62.5219514856711,1.43506662675631e-05
61.9759675636602,1.42138305860004e-05
62.5679119780161,1.53282775882001e-05
58.4550076524053,1.40400351656333e-05
75.7538020269504,1.36599421992309e-05
51.7406486272409,1.50741572674256e-05
55.9487053794382,7.80261388270074e-05
33.2344123660394,1.53482013068431e-05
55.1603750804768,1.50619277205572e-05
56.7859976337943,1.56978353449879e-05
56.4843275026583,1.54275816705266e-05
61.7307305530752,1.41139052772233e-05
58.4920335455104,1.52925888417103e-05
48.738312311091,1.53239510612514e-05
59.4316666617456,1.37640311412582e-05
49.5554190187665,1.6318148284848e-05
54.3728868855761,1.48810719781047e-05
49.3840085230292,1.40603234344261e-05
62.8817070513192,1.41553252377903e-05
45.5237681864991,1.27872244845148e-05
41.6495126280595,1.37966953518269e-05
44.7020848121017,1.34624619139304e-05
59.6172206717933,1.40691815020227e-05
57.429370980596,1.29122871706529e-05
50.1901515664911,0.000174601979052141
55.1161901143856,1.31879542200606e-05
53.604572153779,1.35386921486135e-05
59.1133155597048,1.17736677397683e-05
62.2499983786784,1.27852053947261e-05
52.1101960181683,1.33278861575839e-05
51.2661931268863,1.32513445334888e-05
64.6504501444605,1.36131122012404e-05
51.5524204988734,1.36830670377326e-05
86.2872224372441,1.50994008564013e-05
47.7819677196831,1.37353583657193e-05
66.5344781345982,1.27423068692438e-05
45.4730306104989,1.30507753000157e-05
50.6346606210008,1.33854708437872e-05
41.7506249693831,1.39287073819402e-05
89.408829989294,1.40948500055631e-05
38.4060357324836,1.37447436510276e-05
33.393824981093,1.35770051314911e-05
36.5025583220974,1.380282914952e-05
37.4709522276495,1.39831599709557e-05
43.6955661718404,1.53256928412567e-05
38.0122963433479,1.41210798115047e-05
39.1923511280845,1.41298729692514e-05
36.2000958623399,0.00037880941280024
34.2327133538393,1.44438857643682e-05
30.6248062946732,1.39044179392135e-05
51.880383439447,1.40149170033382e-05
46.3298080674426,1.50629256967001e-05
47.3913779787684,1.38813174801239e-05
46.8002008176898,1.39870203963169e-05
51.7479388246116,1.33256575027556e-05
43.6574432262639,1.36567990247387e-05
51.4946760777464,1.49512598265458e-05
117.866941839294,1.37275992156928e-05
67.4566819308157,1.37379017756653e-05
30.9799456424128,1.37653284233849e-05
52.0855534362982,1.40132925261655e-05
379.85993596967,1.2221333903607e-05
54.8672332912181,1.33318804031403e-05
157.010965673307,1.33646990578225e-05
410.404825573569,1.22400684681568e-05
468.830065631552,0.000732517626635516
1362.29651718128,0.000952148439190982
422.351964005189,1.52460067881375e-05
193.504222502281,0.00152327483103172
139.760725898266,0.000637730926049612
368.017211036864,1.47727552124754e-05
59.0300870359574,0.00968874044243191
105.991009239865,1.37816179710054e-05
712.243890798133,1.33358635441026e-05
87.5169223264207,0.00237990506497694
1129.61258576589,0.000773055575035036
100.658770032298,0.00158054567615253
262.690649351347,0.00374983320555214
111.492901897734,0.00246507901015122
5235.35742250482,1.54520884175839e-05
147.304093129873,0.00255187749890082
1033.6916378985,1.71830286942721e-05
516.150754080475,0.00119570713285962
2175.52050584831,1.52450502418032e-05
413.57039472364,1.46453961316278e-05
137.021812743927,0.000325556739859863
89.8428179503528,1.28120067390893e-05
99.0941282980664,0.00375144284571559
658.749334373176,5.5776032615369e-05
1382.25659935811,1.15407108391133e-05
192.128752104546,1.19906139125896e-05
73.4260810712444,1.24831329627524e-05
47.1338954537356,4.1827603357074e-05
3103.78960170313,0.00502647238009274
670.790827345191,0.00119369505970319
63.9969814843811,0.000579337467213643
2213.42777779688,1.38261320154408e-05
68.0725547398735,1.3322437204463e-05
344.912143737998,1.47184890166205e-05
78.548529176648,1.35939767661632e-05
79.0784027885056,1.51376261449722e-05
90.9520694470143,1.18535822620487e-05
427.501211488187,1.27154301798887e-05
3196.2029538224,1.46297160253485e-05
203.654433129217,1.31405689736412e-05
67.8844710301955,0.00278852855265693
71.3664230795598,0.000797881491163589
138.399762951167,1.40091327801326e-05
43.533042715588,0.000727795178091529
89.5584489317802,1.31209020049665e-05
52.7914685705788,0.000790274916565623
59.4239370235161,1.33600053614553e-05
42.7593349672039,1.43153534434541e-05
64.8505354633079,1.26867507433059e-05
61.2167152529533,1.31394092129596e-05
49.6615750098362,1.28354349721846e-05
45.9222941755286,1.26256534577837e-05
62.7495970486323,1.31614434672871e-05
48.7152867231773,1.28220874618941e-05
64.7364144562124,1.3003994219888e-05
110.880931751002,1.24808167856546e-05
55.1189227315064,1.26625396271252e-05
75.7682704723104,1.28842169497018e-05
68.92436129679,1.21378202649728e-05
51.0577445852943,1.27665850562601e-05
72.3084924178516,1.40973000367311e-05
64.4898729152759,1.40869991779729e-05
75.0537241261398,1.39377557480365e-05
52.239093377138,1.40605455410202e-05
77.0668499846053,1.51489917235342e-05
47.6894260386231,1.38870709157139e-05
61.9804795189496,1.47653495578883e-05
72.6975702019881,1.36951386983761e-05
77.1307411076946,1.38822380048407e-05
63.7885186457393,1.38324257553808e-05
86.4436178617243,1.41878354654109e-05
91.2172783420221,1.34687215371708e-05
66.7632479336244,1.33270750039979e-05
57.0678092566043,1.38481784104523e-05
58.3722719309218,1.42054874033601e-05
60.5261804136116,1.34209425815975e-05
68.6913018360979,1.38472006492546e-05
60.9925717120484,1.37849342911053e-05
54.0272354345104,1.36571308135851e-05
46.5507897859252,1.3909101059903e-05
51.058615714927,1.40377967316126e-05
54.2738171026866,1.37732997409946e-05
94.0842257463616,1.33627839986178e-05
47.4875197465595,1.23613506592297e-05
64.1797342399819,1.36960272133556e-05
49.2887073323512,1.32165090659893e-05
55.7957393598795,1.43707183839945e-05
75.1934384770656,1.39451395806334e-05
47.913696122885,1.42234284717587e-05
98.5795126376343,1.32702108910542e-05
62.3451739576061,1.38952471537383e-05
49.7097073046881,1.38542021667014e-05
55.4392720886382,1.4423728154294e-05
53.490918765292,1.3818379953191e-05
53.3102153976811,1.38240924038828e-05
93.1301639912217,1.28202061347728e-05
65.6536417064721,1.31872857098359e-05
65.2647501497465,1.42092572294046e-05
49.5266708386226,1.41453022916111e-05
69.1926707999998,1.41580998186854e-05
596.396182465057,1.33342561966623e-05
126.126039140105,1.40923187059152e-05
125.035892351978,1.45533846318564e-05
58.753375661688,1.46411039808464e-05
57.0813234266062,1.46903602215974e-05
45.7275560543754,1.61791367665908e-05
223.75104070047,1.6717009633468e-05
234.496213524282,1.52154074146175e-05
43.02747400761,1.47881108091209e-05
42.0100366880309,1.43950469520025e-05
172.84668624583,1.46437437800684e-05
52.1525508396953,1.44632067371903e-05
64.093124249637,1.50672088590136e-05
83.4940184241487,1.55820467573072e-05
53.6911355949066,1.47186291819277e-05
117.295298250247,1.52945787222724e-05
1285.11788002022,0.00101800673620088
37.8478540976855,1.55231433248115e-05
44.2887249228167,1.61156863290772e-05
64.2185391415438,1.58997673595341e-05
192.374356062985,0.000152256461958704
68.5955968573712,1.58048073281236e-05
59.2865029785395,1.63653820387884e-05
51.8393121837507,1.484948378996e-05
100.377632991921,0.00145489754661715
52.5754896170644,1.49452436369685e-05
200.487165403219,1.41974273025549e-05
64.0447510929897,1.40673380270294e-05
68.7423056052332,0.00137456159833143
59.3186722965844,0.00137415762320428
116.107385853285,1.52066903057315e-05
91.1234585257912,1.41224593846046e-05
54.445191891255,1.4524024533477e-05
84.0315574225198,1.44113956630819e-05
58.366031815841,1.3918183821582e-05
53.5255144561324,1.56075532511367e-05
48.4162404800553,1.60654281432508e-05
123.266651412029,0.00324137920954856
56.0935604226822,1.35650299143556e-05
54.1038255344862,0.00324121265755378
57.3019591553066,1.38030019456251e-05
68.5036513866449,0.0017503459098743
103.539406271007,1.38312459381741e-05
56.8540588477499,0.00461419169522482
65.4093088456634,0.00259597049128667
86.7668248852686,0.0102819870580704
49.332059822213,0.00489952862179125
76.7540488218892,1.55088933374921e-05
62.411655951518,1.38611979698671e-05
59.4376177565282,0.000105355107049226
65.3580987386842,1.39047441279813e-05
49.9263556677236,1.50093602404805e-05
57.5526464944005,0.000549948578298246
59.8409057508695,1.40532459906776e-05
43.7944429980035,1.40769494270122e-05
51.5257199361584,1.50412012923014e-05
53.6686646638102,1.53685878088277e-05
68.3738942127706,1.4916567474358e-05
55.0249504027903,0.000674986949735212
48.7217039491802,1.59128932873664e-05
56.7563139910652,0.000777549874700969
49.7373993068005,0.000273000380415924
43.531780335425,0.00257539798203521
46.8691694153759,1.73146074012793e-05
61.1385900592883,1.53992564612948e-05
61.0818351886555,1.6762959479695e-05
55.2415400718819,1.73320298817095e-05
55.2138272144292,1.49778797598518e-05
58.188702865112,1.67605012487887e-05
62.6907196776732,1.63827683441039e-05
71.5870635041829,1.5519390025159e-05
62.6159719519093,1.51523654211764e-05
