"Americas_in","Asia_in","Europe_in","Americas_out","Asia_out","Europe_out"
34.2018229049405,32.4332863703977,23.2037255938124,25.1797605742731,37.936252401925,26.7228218929526
33.8921376730364,34.6079003933539,29.575588520505,30.0777294788712,39.0915587493507,28.9063383586733
31.1920622766456,34.1913580718258,26.6908819554446,29.7968307628871,33.3392132230574,28.9382583179715
31.9385132785915,33.6210463521057,25.4609562739788,29.0064515909971,33.6836760373383,28.3303882763405
32.4142355003263,32.403055987899,24.9583683349246,28.084703106844,32.4849210053374,29.2060357109685
32.1002492353524,32.6426827184384,29.2050753240198,30.763818603174,32.9197159090324,30.2644727656042
33.3923199135167,31.2638659732887,30.4806975583493,31.7246725447539,33.5115970704083,29.9006138299925
33.0578834050999,32.2928866514565,27.3480665834058,30.1809018969591,33.1827162526503,29.3352184903528
34.1663243332164,33.316289836985,26.9901565397477,31.0187505514259,32.4477568941272,31.006263264396
33.6685183879013,32.8984001804836,29.73638652106,32.1724388557658,33.435908429085,30.6949578045941
33.5800620999187,32.9838469619243,28.1164513488621,32.5889978722381,31.8447874971997,30.2465750412674
32.5478727526624,31.783089582517,31.9622842387663,33.3976093005954,34.3679733055126,28.5276639678378
34.28119258417,31.1212839900766,30.4881068076424,32.2316344992018,34.089069010704,29.5698798719831
30.9123346310141,29.8656852321704,31.6505186122628,31.4485835754148,33.225099986021,27.7548549140114
35.3352580671946,30.8542134876639,31.8156107804954,32.2479490357171,35.1815777741971,30.5755555254397
33.0656247580051,31.0747094243667,32.8374487212447,33.1678033745639,34.8965664629048,28.9134130661479
30.9614152675694,30.4013563909275,32.65131809713,32.7252159850305,33.4679631840255,27.8209105865709
32.7253951854184,32.3449018488608,32.3478552979923,33.8223681265954,33.9622478841966,29.6335363214795
33.4429372262573,31.659904197551,32.4504163397697,33.1943143770817,34.2849852102969,30.0739581761994
32.7639947602224,30.7414561403222,31.648194856092,31.9363195754926,33.679305158194,29.5380210229499
33.7428724610474,31.4222617350914,31.6817358169212,32.2230635216007,33.6400969206698,30.9837095707895
33.0439624161496,29.70212725968,31.6212594134665,29.8039289107489,33.5959191353491,30.9675010431981
33.1250574757175,31.6760438754189,30.0861668616966,30.554517812199,32.7505090386217,31.5822413620123
32.3874991025382,32.2547456878192,30.8388165166948,30.7152792845868,33.9868721214001,30.7789099010653
33.1133751256869,32.9456258744067,32.1600650546945,31.8428711497166,34.4940901219788,31.8821047830927
33.5731199397566,32.1741867236774,31.45324186221,32.3103682916689,34.7203275419705,30.1698526920046
32.780127700976,29.5215987671671,30.320668080469,28.6902160506031,34.0855295521458,29.8466489458632
31.994800366511,28.9380394891801,30.7364588806393,28.6416244513441,33.3051903298006,29.7224839551857
32.8882903934527,30.6414963334542,27.8643034924665,29.1889141440255,32.8382761834745,29.3668998918734
33.4862937893488,31.2644610635803,29.152444609961,29.8195632272656,33.5609399578973,30.5226962777272
33.2823734348953,28.1443932926104,29.7919286826893,26.8344558223169,34.5250160669936,29.8592235208845
32.5446655179162,32.185307958153,29.2933098973662,29.7436799984856,32.9217120385611,31.3578913363886
34.5280437301263,33.0056492846191,29.4571608886024,30.9245093101876,34.0406513626059,32.0256932305544
33.4602090707635,29.7756376356872,30.6366609198932,28.8658075366575,34.4842278334921,30.5224722561943
33.7799003237718,32.2106027034564,30.3098072178075,30.4165296310437,34.8279380759088,31.0558425380832
33.4680645508364,33.414098026036,30.3853721895085,30.5588400000951,35.1573196238519,31.5513751424339
30.3902982312092,33.5454701268057,31.0897640412317,29.6586632999115,34.2301839585489,31.1366851407862
28.4212901850176,34.1010415000589,30.2205122603023,29.8021039074277,32.9848636651806,29.9558763727706
28.286214702253,32.0398841136882,27.3115605446162,27.6559103082215,30.8915486671193,29.0902003852165
29.5235743383692,31.0510361370756,29.9731472720479,28.5256591774909,31.9629767537403,30.0591218162614
25.9825148323819,31.4791609741781,30.8958920428393,27.9441876331347,29.9882552991491,30.4251249171154
27.5737075500898,31.0358089929756,31.2209264499447,27.8900343546707,31.3506606882732,30.5897479500662
27.3764779843679,28.5906178204718,31.1261931293795,26.2617527853015,30.8737936242104,29.9577425247074
29.0709755638225,30.2495129508575,29.9369804096951,27.2358977903587,31.0372579382099,30.9843131958065
28.7093202384105,30.597107649315,29.3675170775858,27.3162442178838,30.5082437362747,30.8494570111527
26.500494054002,30.8351370138763,30.1184029425029,26.9844792840728,29.5229814104638,30.9465733158445
26.8636366453672,30.3818159811264,29.0559702028961,26.5725310724015,29.5109987850684,30.2178929719199
27.4976535808171,31.4347406124105,31.2319220847154,28.0637080761748,31.1106045531777,30.9900036485906
26.3435159327879,32.8268006189183,32.6329883465944,29.377693681358,30.6081560537393,31.8174551632034
25.7242106778338,32.9489143956289,31.2587986262274,28.9930447005558,30.1629383472804,30.775940651854
25.8755169926812,31.1625029437296,28.9473226717682,26.6026848333728,30.4222090240706,28.9604487507355
27.827368653412,31.7444181745168,29.3909558443785,27.6034378391325,30.786283028227,30.5730218049478
31.1977089750553,32.4417721708337,28.9942613221055,29.1026777068062,31.2524516030687,32.2786131581196
28.2220095094701,32.8903334303531,28.4131083438995,28.7557054930777,30.3320691981588,30.4376765924862
28.4958969020085,33.7878473277574,29.7647802134402,29.888090706193,31.0950419711211,31.0653917658919
32.2432557770325,33.4301845341715,28.3277567172207,28.9096761459518,32.0105860933825,33.0809347890905
26.933166508084,30.7034872503563,28.5720458012398,26.5288175436151,30.2979887260204,29.3818932900446
26.9963273837293,32.4753206632149,26.5243872223351,26.7102451168859,29.2917607433846,29.9940294090087
26.760282585048,32.2098954606007,28.0161133305912,28.1043811035909,28.6580190650332,30.2238912076159
28.5593085401488,33.9941616179811,26.9136610781252,28.3034215470591,30.11702389543,31.046685793766
30.3891782301263,32.8851759972635,20.693769547636,26.7911576863821,27.7342927508171,29.4426733378266
28.3869753797251,32.8819556372051,27.8374812808339,28.0256099976004,30.0213009111767,31.0595013889869
31.1773308571831,33.2029733527595,28.5033593038083,28.9776219903323,32.6104756323339,31.2955658910847
27.8897671408393,32.478811752777,27.342272591777,27.7067469152411,30.6846220358048,29.3194825343474
29.3099918539275,31.103480033519,27.5380382653146,27.9453761686424,31.7971668985956,28.2089670855231
31.6940922294462,34.0089919953245,25.1198862137025,28.369157229431,33.4071589027945,29.0466543062477
29.1517944206308,32.9769876798429,26.1019954692089,26.7432844383807,32.0876340540766,29.3998590772254
29.5233650881613,34.2694258532039,27.4417029818319,27.2394664991787,34.2784984469346,29.7165289770837
30.8883625044555,33.5624556289141,23.9701256311551,25.5092948397444,32.2797846100432,30.631864314737
28.7019663749136,32.503104455968,24.4081237697735,25.7055595474454,31.268607282673,28.6390277705368
30.0324036814771,31.7253124508586,25.9096940463127,26.7547366416418,31.6706088417054,29.2420646953013
31.2617568395986,34.3321374766067,23.3109631510825,26.3459808599256,32.1558653516172,30.4030112557451
31.6546722625164,32.9866364473371,25.2223918015528,26.8171732706971,33.4752401741423,29.5712870665668
27.0853100729571,32.0684822532786,22.6283123631034,25.4190251721714,28.8846649352264,27.4784145819413
30.2227751913561,30.1862439116507,24.6231423143166,27.311836101121,30.286426559337,27.4338987568654
31.0701890904077,31.3815062198749,22.5978187671503,26.6057802457208,30.2923708537379,28.1513629779743
29.0456697347073,31.3992343952358,23.8128923742216,27.0419839691821,29.7638060881242,27.4520064468583
28.2158854653492,32.9153747833985,22.665403024671,26.9405738664594,28.9867871102345,27.869302296725
27.9075132361904,29.4911601607403,22.2405386992802,25.3108837509209,27.8240148783235,26.5043134669665
26.8261963235785,27.4405606772805,23.9857164291798,24.3184565455071,27.9908888129813,25.9431280715503
27.7091100487003,30.9824368909368,26.6469358273358,27.7450514118092,30.4271844780882,27.1662468770754
27.9717001137405,28.1558560410906,22.8933852935208,24.3929510801823,27.3281122547981,27.2998781133714
27.7107474610803,26.6326242796705,23.9567657419984,24.698615179551,28.11526641763,25.4862558855681
27.7512301572737,29.9998452012044,24.1929297571481,26.3889178641127,28.4597939676763,27.0952932838372
28.4794231375462,29.3110341672657,24.4827003638069,26.8907884233207,28.4601153917004,26.9222538535977
29.2900533817044,29.9788226906085,23.0993710477546,26.8683373106989,27.9065108829012,27.5933989264673
26.960088209768,29.251333820943,23.0735877999883,25.6089425978145,26.519884443999,27.1561827888859
29.3971503313457,27.8046529000049,25.9145299461741,26.0427392534606,29.5034888856989,27.570105038365
30.4862715730712,28.8079663536307,26.664446423601,27.2158631044752,30.3708973924889,28.3719238533389
31.9863391013267,30.9486820881645,27.3848958214609,29.1983845743307,30.9405476913347,30.1809847452867
32.1025371355958,29.3052348667843,27.0613093906506,28.0806772482972,31.4407628374168,28.9476413073167
31.3078606942322,30.6915917329335,27.3274992167549,28.6107566295472,30.7834676905783,29.9327273237951
32.1090941438097,29.7399927679392,27.6321004045231,28.0771937497213,32.1989109814478,29.2050825851029
30.118333554415,30.869355648518,29.5345305714383,29.754490578144,31.2463398560952,29.5213893401322
31.6293746699296,30.9595218217458,29.0600125224139,30.6266921399455,31.3432149977074,29.6790018764365
29.8045645621114,30.5251387301276,28.4455595797298,29.4824538894493,30.2585003588642,29.0343086236552
29.4980027825978,32.4574314811832,28.7872281910131,29.9915661156831,31.2543314511334,29.4967648879776
32.7440913459064,29.1735209004979,27.6753098109756,28.2006240345283,31.5249023199178,29.8673957029338
31.5562903578695,30.7438387697279,28.2693311488294,29.3442938120949,30.924983228453,30.3001832358789
31.0282059380261,31.7490117302596,28.2692531868526,30.255071208613,30.9397248242704,29.8516748222549
30.9770966025009,29.308099316214,28.2228058927575,29.4989180646245,30.3970253422675,28.6120584045804
30.8273123161045,30.1388905114453,28.2091105294737,30.2772323748108,29.8806734746016,29.0174075076111
30.6097737411245,29.0456903976708,27.1265635893391,28.0222326674595,30.5299817221628,28.229813338512
29.827654936299,29.3219490274986,27.4610429975215,27.9914296525637,30.1059352136647,28.5132820950906
31.2019072619055,29.5131557159895,28.4146177359124,29.0987243635689,31.0153315603323,29.0156247899061
32.1412089918667,25.1254022417741,27.5029715102984,25.7308524416117,30.9796307414369,28.0590995608905
30.5172161360034,29.550807623432,27.0921139953629,26.7530909131936,31.5271579237719,28.8798889178327
29.8296662245633,29.4676288755905,27.5183019247765,26.9863694635547,31.3568095260027,28.472418035373
30.0513004193487,27.5182476475995,28.697328248873,26.9543875801686,31.6490865976767,27.6634021379759
29.1368756337686,29.7115730599334,27.6651931100917,27.4446152973177,29.3597395659796,29.7092869404964
28.2769904346496,28.7304229777073,27.1830286250347,26.951596638726,29.3641752208476,27.8746701778181
28.5091510800185,24.087993471313,27.4513404682748,24.9901810689449,29.4686959534469,25.5896079972145
28.76239517247,27.8800229902988,25.070258102245,24.7924525639781,29.8823921080593,27.0378315929763
28.9932891131,25.3473135709689,25.4182728093053,23.9289296000944,29.6563210016981,26.1736248915817
26.1611646170304,26.4391842587664,28.6240478865666,25.4930147442865,29.7406395123567,25.9907425057202
26.8064520255391,26.8369281280803,26.6034957706153,25.5842343190249,29.0765714221085,25.5860701831013
27.2664813311162,25.2125005500045,28.5346160911368,25.707924714841,29.4397601902671,25.8659130671493
28.7559210978753,28.724215341662,27.6339589194227,27.4746243624061,29.0964705651995,28.5430004313543
28.3973240419121,26.8373296026132,27.993775101688,26.4366731268242,29.9739885258901,26.817767093499
29.6202660681775,26.9500678427141,28.3006813490145,25.7734001928706,31.3314173962098,27.7661976708257
27.7228800479867,27.0690901460376,26.485878518497,25.8518179235221,28.6093614268263,26.8166693621728
30.6349152549457,26.7429880825814,29.8842358892644,27.3623652264385,31.2880748358503,28.6116991645027
30.5996361815894,28.2419934702343,27.4699445480098,26.8863112154966,29.7575298139373,29.6677331703996
31.4280777259664,28.7999076931436,28.4174075269926,28.1298008703057,31.8001666312264,28.7154254445704
30.9473301477862,28.6092590745425,26.544954097727,26.8705767686005,30.1951634672737,29.0358030841816
31.0590857142062,29.1968157192973,27.9734892410536,28.2557836781759,31.2707129701296,28.7028940262516
30.1475252278153,31.6288162956758,30.3264940910824,29.5069423140638,31.4892338060803,31.1066594944296
29.5772715625336,32.6231137497544,30.5752736547515,30.0213659541612,30.6922485655644,32.0620444473139
31.0817430379053,31.917173181695,31.12587564531,30.2054728609278,31.779787312529,32.1395316914535
32.0732836937084,31.6602053275998,29.8449095624088,29.7231571464215,32.957398839783,30.8978425975124
31.9805588967114,32.410302421546,30.3349289129639,30.310876382535,33.2622928361649,31.1526210125213
30.9070626601633,31.9677209763519,26.6623273072359,28.2658534173608,32.2256834612237,29.0455740651666
31.7148945278245,32.5680080306858,27.7194485528407,29.1141644796554,32.9807354070116,29.9074512246841
30.1428036574786,30.2654982051597,27.8764294773962,27.869254830329,32.0031778695553,28.4122986401502
30.9874757004157,32.2146157813637,28.8037332164693,28.852988992125,32.6434998937975,30.5093358123261
32.4999875697775,31.6702190927289,30.3399412718447,30.70981460965,33.3034775548022,30.4968557698989
29.1681547163132,33.7454070193935,27.1473078473501,28.6067317897331,31.9600241155118,29.4941136778118
32.2204401315102,33.5080095387598,27.2685393165089,29.2923916593493,32.7080692137068,30.9965281137227
32.4916435211344,32.0397356231309,29.4065617542647,29.0025648288032,33.1021062554706,31.8332698142562
29.6018796128634,30.6180321632601,30.2094262834386,27.8345337810287,32.8130956043964,29.781708674137
32.4092728550745,32.8824320327538,30.3356617920138,29.5402345601361,33.398399027054,32.6887330926519
30.9635251533664,32.814356135333,28.6987230325778,28.7470466633561,32.5501639336247,31.1793937242964
30.6999135924066,31.5881783268249,29.459447058734,27.90327236598,34.3034694456318,29.5407971663537
29.7669741354522,33.5401257970158,29.9710945146191,29.33628896603,33.9360270829238,30.0058783981333
30.8925375663087,33.0270127453947,30.5818334336343,29.5821694185267,33.5771260087317,31.3420883180792
29.5243809736148,33.2266069078774,26.867229604667,28.0549759671175,33.2543355708796,28.3089059481621
29.5693866034943,33.9933872819943,28.0133945230241,29.2615935218849,33.2331356281932,29.0814392584346
30.9665833525523,33.2220464424397,28.5572610861693,29.8924433015062,32.5769258035576,30.2765217760975
28.4062759778378,34.0847440670262,25.8458219550329,27.6538030012591,32.5983056606784,28.0847333379593
30.0167237941781,34.0727840518597,25.6837973988933,28.2236307466952,32.520439636701,29.0292348615349
30.3099092425757,34.7006179529401,26.8442330391007,30.0736503495292,32.8191708587554,28.9619390263319
28.4147570581106,34.9654889045891,27.8432839256695,29.5789944085156,33.022827416445,28.6217080634086
32.3900256848929,34.6290313318086,25.1990812308283,29.4247934429651,32.4785786744072,30.3147661301576
31.5106446484438,33.5116814593741,22.8043685611479,27.834205443751,32.986590970266,27.0058982549488
32.2626153802471,32.3673340002357,25.3081759973913,30.124752337284,32.8700117197183,26.9433613208718
33.0395550247994,34.330849447304,27.4730051417156,31.5909607332691,33.3184642615203,29.9339846190295
32.1156518026857,33.2151628777326,28.8825686094458,30.7142434931984,34.3444277456792,29.1547120509864
30.8055658755219,32.928284839404,28.5856715494536,30.1764911121405,34.7053763126963,27.4376548395427
31.5025275748602,32.7953066668662,27.358711580707,30.0476823085286,34.875863460507,26.7330000533977
29.1821879384441,31.7482033063952,27.0303850173401,28.4732041337623,33.4918399756909,25.9957321527262
28.3577342102466,32.6879396999646,26.8540668011013,27.2259561173597,33.8622199131779,26.8115646807749
30.0617936004589,29.0418781142403,25.1987592042736,27.4908816689785,31.6179205313861,25.1936287186082
30.5940619503616,28.9246333728105,27.0484800171733,27.5151101921902,32.6486372004115,26.4034279477437
30.0049192746031,25.0024528046064,27.4659055319654,27.0140278536362,31.4014956651435,24.0577540923952
27.9219843907526,28.4111250496117,26.868283965226,27.8512819544626,31.2631933705497,24.0869180805781
29.0754829916132,28.5181854441644,23.7908707392687,26.864908799951,31.3418526815399,23.1777776935553
28.7601515646128,28.7161418653692,23.0585104260716,26.7661648906849,31.1291042794304,22.6395346859383
28.7252359129958,30.2219549710611,22.4460433924781,27.1404445624982,30.177749470515,24.0750402435217
30.4262571359647,27.4318880194431,23.2060666168782,25.5328393262813,31.8541624136203,23.6772100323844
30.1095791649794,27.6678720863293,21.5286202651204,25.1809788152398,32.5239576622482,21.6011350389412
29.9870249790898,26.9367087743418,23.2968932936785,25.8480016344237,31.7171741480845,22.6554512646019
26.4572277245035,30.1287492836811,19.9044773810218,24.6265316976082,30.1784660984302,21.685456593168
27.261845999405,29.9901196513514,19.8624596636382,23.1949759787486,31.1906556877654,22.7287936478806
26.2377238503231,29.6374291923617,26.4080265541281,25.9023712576618,32.7963195827168,23.5844887564344
27.7608773439191,28.7895026858716,19.7540512206363,23.5842215427214,30.3680354811544,22.3521742265512
29.5787730231028,26.8481250313961,24.1560406338646,25.2167882304385,31.9948731490204,23.3712773089046
29.0231625517491,27.9668872699971,24.2904824539815,26.9864304703224,32.0708914928487,22.2232103125567
28.3372051773686,29.5666990114136,25.5527861207511,26.6772169033406,32.7967607879946,23.9827126181981
30.8017659504016,29.5643961299723,23.0794215764354,27.3533084464354,31.4009172177974,24.6913579925766
28.766294102082,31.946686316059,24.3639973343792,28.196021551315,31.518694529634,25.3622616715712
28.7914108506198,28.83558844441,20.074131839747,24.8411285014322,29.8618889340235,22.9981136993211
28.9433380962088,30.8533803909824,20.8748141057383,26.0579593327327,29.9694703720545,24.6441028881422
26.7270700166674,28.842564119392,21.4815513336043,24.0116723138043,30.4886261804623,22.5508869753971
30.1510403150243,25.8423313436987,23.1912489661387,25.0524323695108,31.7656938624943,22.3664943928567
27.8233879573909,27.5492768495074,22.212661448064,25.2800444260771,30.2508673544116,22.0544144744736
28.4064373687599,28.1529286642275,19.3346340416725,23.9603558089215,29.7356832764977,22.1979609892407
29.1993507373613,31.919323077346,19.6570165852462,25.8070193882125,30.1071667068203,24.8615043049207
30.9086920576574,29.0600552965907,20.6223060597877,25.4338895084467,31.7170401655961,23.4401237399931
27.3182975430544,27.1394279200874,17.9812207839953,22.6033066293921,29.5024345910014,20.3332050267434
28.6122653282119,29.6119401573385,20.8112044010399,25.964790871356,31.5696464274358,21.5009725877985
28.2722932075954,30.0610960778369,21.1421138815582,25.9849854743254,31.1696920486673,22.3208256439978
28.2625831296623,30.1149405531366,23.1362156277708,25.3584125134993,32.2310258339007,23.9243009631697
29.0590707568722,33.4811809100179,27.1023536528011,29.819744469601,33.316532871062,26.5063279790281
28.7597233297185,30.943179864266,23.7087641672575,26.2589912297778,32.6139929958487,24.5386831356155
29.0802268702398,32.1276580260887,21.0632945427952,26.662878220605,32.0400778027864,23.5682234157322
29.8446166661884,29.3433542126063,24.1012564566294,27.290161246952,31.9375855035322,24.06148058494
27.7992144018477,29.5815466525186,22.9571946629976,25.9511969561223,31.4199736169964,22.9667851442452
26.4205006303237,29.4923803298821,23.4477174554716,25.6226835561672,31.243020632538,22.4948942269721
27.9011825593791,31.9254466926409,22.5834719451979,26.6558978933834,31.5865458627528,24.1676574410817
27.6171984545119,28.9590967448482,22.9328757265758,26.0985271329749,29.9201507137859,23.4904930791751
29.4767947278595,33.8308202326129,23.5153708504317,27.439686414423,31.6652136265573,27.7180857699239
28.8732142148949,34.0565251057968,23.2766203122002,26.6437325359188,32.4217681178467,27.1408589791264
29.0906865563272,34.3196904968936,22.0325615822686,26.6449238676814,31.7803895927839,27.0176251750242
28.8840255403535,33.8448253467386,19.9881599495883,26.6178010845722,30.2560061381222,25.8432036139861
27.9909602761456,35.4726727953575,23.6586979438079,28.2179080825024,30.7337202795791,28.1707026532295
28.6638918476714,31.6169461141519,24.4835238918076,26.6666779383983,31.6650538545807,26.432630060652
24.7168574383208,33.3430215300748,26.0145560893562,26.593998026013,30.2222178585221,27.2582191732167
27.6850671438232,33.559018835417,26.2987429329267,27.9902493088503,31.7808965998063,27.7716830035104
27.678517180906,33.367020953899,24.1550168022649,27.4210711589077,30.5936708314954,27.1858129466669
27.6182345004578,32.6467761150059,27.3459766548033,28.5264103115646,31.5481463400351,27.5364306186673
28.3608651047644,32.2530170337114,25.8291015632678,27.9799456170469,31.1973846671579,27.2656534175389
29.4705617368095,34.2219674985727,28.6465460865738,29.3647681842916,32.3030405405434,30.6712665971209
28.6278409239981,33.026429460074,30.4024740903528,30.0602021276936,32.0949074702331,29.9016348764982
27.4285559320515,30.4043439086558,25.8385311167813,27.6836458651899,29.825973179073,26.1618119132256
27.6692139224184,29.4851301675606,29.9243153451134,27.3007510357582,32.0418208375085,27.7360875618256
27.2507175730151,31.4435849344087,30.8671362652816,28.0527150097088,31.4349598985107,30.0737638644859
25.5527873701128,34.5805554374094,31.935129926528,28.8667465198112,31.9054672925231,31.2962589217158
28.7130814107778,34.298988978208,31.2291291024876,29.2430727803782,33.0771475439015,31.9209791671937
29.2994812894937,31.4340031233719,30.1401496649082,27.9225185838081,33.204496043249,29.7466194507167
29.2617483281235,33.8404981727542,30.4357828322162,28.521042472901,34.8722501028881,30.1447367573047
28.383723938302,34.475454824844,25.752169505162,26.5843873367764,33.5865567719213,28.4404041596103
29.1030349036402,33.1004112044281,22.4700554293827,25.5954006350398,33.1502437228742,25.9278571795369
28.1636674554889,32.7016067416008,25.4005788064689,25.9550997092072,32.9978336597356,27.3129196346158
28.4689752402252,32.9355047128725,29.4199417938925,28.2921072885393,33.7272181455642,28.8050963128867
29.8293412778782,33.0981539610503,30.1094756506496,29.0926033495606,34.4603825135334,29.483985026484
29.0247850429568,34.519632186878,26.7748200303509,28.1758571697412,33.7185725366825,28.424807553762
29.472356108916,33.961690100479,26.9744310698989,28.2433536704299,33.7670605143975,28.3980630944665
26.7234533301718,33.2448755487877,30.1385299957324,28.2244978961299,33.1572065743389,28.725154404223
29.1019797994437,33.6996421896197,27.312339562089,27.5210817504537,33.8340917446644,28.7587880560343
31.1463337341116,32.1095205609561,27.8599995236359,28.1238532673406,34.6048421134835,28.3871584378794
33.967653040361,33.1046215972688,26.5899618251502,28.7214809377775,34.5068776268064,30.4338778981961
32.190143137556,31.3096253454702,27.5457563230101,26.8322918936428,36.6570397199753,27.5561931924182
31.5533159566206,31.1343539933607,25.3564994785714,25.7033831821087,34.1398621016773,28.2009241447667
32.8772404077572,32.6125937407495,23.4238564569079,26.146296596732,33.1148390739045,29.6525549347781
32.5353801384748,32.0789654358266,24.2144051541205,26.0340691356832,33.3031460111209,29.4915355816178
31.824929915788,32.348441947832,25.5532971709201,26.7374302318164,34.3798163592307,28.6094224434929
28.4306090676736,32.6377363882502,26.5557454874159,26.7182275711536,33.2221648625989,27.6836985095871
31.5310763341248,32.9139027961756,28.5232943674663,28.9358704238321,34.2048256385733,29.8275774353612
28.987392069477,33.7001206131002,26.9627808991453,27.1817141345287,34.2233797842647,28.245199662929
31.3659563706293,33.2149605479411,27.3007444352332,28.1940874422079,34.2473338181154,29.4402400934802
33.1228452262783,33.3099329197569,27.7224999375523,28.4881356065719,35.3022228639574,30.3649196130582
33.5541438388898,34.0553167200142,29.7999398331977,29.1664660900287,36.343132471913,31.89980183016
34.1357933463426,34.4616075335944,28.9873826052497,29.5257587680001,35.9958924247037,32.0631322924829
34.6860503323866,33.6698157992275,31.0067993753425,28.9456025507246,37.1223751357026,33.2946878205294
33.9008577145058,32.5116255342023,27.6012276104292,27.2551203098034,36.2006282638922,30.5579622854416
34.3611613982341,29.4750064553719,28.3310574950461,26.3892101354668,35.0564949026528,30.7215203105326
32.6492685377773,29.8561438276763,26.9610226066451,25.6742183972148,33.5906598081464,30.2015567667375
31.6238746797779,30.010287241168,30.0310696992568,27.7307984302333,33.7594484277776,30.1749847621919
32.5303251220481,24.6209775087078,26.9243794352335,25.5188037297879,31.1013815077792,27.4554968284223
29.1062452753594,26.3811772376399,28.7446168604347,25.0955341145887,31.8208604669837,27.3156447918616
30.1816833228939,27.2402031128461,26.1302819519828,25.776683875902,30.2752670471196,27.5002174647011
32.3409850641805,24.2437729253189,28.248271724293,26.2401691510424,30.1737527260363,28.4191078367136
32.8915588500978,25.9637137187541,28.6974615273979,26.2415144227609,32.3184189000837,28.9928007734052
32.6065991226488,27.3176579061855,28.7653712697358,26.6534743086076,32.9673298657514,29.068824124211
32.4721343730924,26.7236274835445,23.9555068748389,25.0976588746233,30.5356187001435,27.5179911567091
31.2477469976916,27.2678906581558,25.0712218269808,23.8203062882369,32.5474979702854,27.219055224306
31.4593665353217,27.3653998140023,21.4146985604569,23.6430260565181,30.9185354381192,25.6779034151437
32.1495499912436,27.0247174721654,25.268935880061,25.6598349008241,31.7641292145043,27.0192392281416
33.140756975844,26.7594161684514,24.7274684684065,25.976636074854,31.0445682285589,27.606437309289
31.2008888771541,27.7585217410525,25.5394520824287,25.0646790597819,32.5450545427089,26.8891290981445
31.3054578038082,24.7686133494553,24.0012230535594,22.7488503307511,31.1896236210747,26.136820254997
28.3442007264205,27.0635483081353,27.4117721250659,23.0695852850856,32.7432864391351,27.0066494354011
33.3169031287255,29.3656542382259,26.577402347401,25.7872691629251,32.448624704749,31.0240658466782
32.4656546487622,29.0648467130107,26.629633331282,25.7612224693896,32.1021951700053,30.2967170536599
30.5992939031293,28.2463599309657,27.2463165975753,24.5978841964016,32.8507539254041,28.6433323098646
33.8737266020498,28.5667661927095,27.697232589927,25.4382287340216,33.6943968758831,31.0050997747816
33.5952553009146,27.7758928491009,23.5397374529788,23.9439489072359,31.1321207506208,29.8348159451375
28.5738004088547,26.3109448828385,27.2937098413637,24.4877359622275,31.7618828272788,25.9288363435506
29.6827900330064,28.0258835296628,27.2225966977906,25.9805993615659,32.4760058549864,26.4746650439077
31.7730956113028,25.4751905723296,27.8610454569709,26.8186432594809,32.532095447754,25.7585929333684
29.573085170993,25.083744830901,23.3966107246932,23.3525659425008,30.3490372325079,24.3518375515785
28.8354209801621,26.2149506994555,23.8197339757282,23.5227885305392,30.5869807804229,24.7603363443837
28.1545493702262,27.5796373618431,20.2076483080341,22.9220957319569,29.8393704269124,23.1803688812341
30.400428175123,27.9412151232958,22.1552905322789,24.3051917257024,29.0657021020216,27.1260400029737
27.0751410957115,26.1066134438719,24.0448887883179,22.6300098171705,29.4699165049491,25.1267170057817
28.1245313461293,27.2802677185269,21.6061666250629,23.5404299920226,28.7441281918391,24.7264075058575
28.6241530754954,27.7493506738948,22.4814694226845,24.5148607801157,28.188332467796,26.151779924163
26.7730983550827,26.2174428506982,23.010871329861,22.9479677317153,27.2954136060834,25.7580311978432
27.7307405832663,26.6591647157769,25.1755920737143,25.3061798428309,28.2767183160143,25.9825992139122
26.7343848763951,23.5954433617293,24.8681710173897,22.2523224923826,27.5040087837491,25.4416679793824
26.3496807451846,23.2228924923896,25.4149279507936,21.3151194065003,28.7213876922744,24.9509940895931
28.0739123513685,24.4288489324072,26.7626955685252,23.8073954553127,28.85523058882,26.6028308081682
26.4406486591923,27.846242904162,27.8474730183359,25.6999410777129,29.0445377529325,27.3898857510448
27.9002049802591,26.0692706408955,25.854866691899,24.1755884866852,28.2428801150073,27.405873711361
28.3405600388498,25.6728421843019,26.0654122037616,24.4813357003896,29.3380204404697,26.2594582860541
27.3959043625185,25.2999979486247,23.7183494217939,23.1243024440142,27.9859426746024,25.3040066143205
30.7927215527895,24.8769225295906,23.399094605233,24.6754531424441,27.8788379820417,26.5144475631273
30.9903959632101,25.0288059237962,24.3516162594488,24.5381161382978,28.5557272221118,27.2769747860454
30.9744579221224,25.0184200615864,24.3281121179968,26.3638736145313,27.0140899309417,26.9430265562325
30.0463042672951,24.9643160927588,27.5730971038845,27.6539581547963,27.0643175116835,27.8654417974585
30.4228593541397,26.4327376565258,24.9578193626737,27.2204325367852,27.1840039583779,27.408979878176
31.2071038355402,26.743184595072,28.2328572004292,27.7044182083317,29.090617807679,29.3881096150307
31.3727579527425,27.1697370963397,26.0057320666105,26.4562145369377,29.3424798808865,28.7495326978685
29.9928472472002,29.4581567504786,27.9365117318737,27.0314208922987,30.3021195950863,30.0539752421675
30.6167812376812,28.710467975184,28.817930039958,26.6536210432428,30.6033469512492,30.8882112583311
30.9860975089761,28.2928150640997,28.2998904313099,26.7406002503897,29.8427585619318,30.9954441920642
32.0617376907545,27.0867364960294,27.3587014354013,27.0270278077937,29.1240051894103,30.3561426249813
32.5545586395378,27.881208865189,27.5499400916648,26.7583221259306,30.0947448557574,31.1326406147037
32.2661318080686,28.6688381987617,27.0308870964096,26.6308737387485,29.5822970175202,31.7526863469712
32.1996392415817,28.9644028913056,28.7992938543114,27.8295148273419,30.1851515122953,31.9486696475615
32.199062020168,27.6707241891061,26.9466025705373,25.3128555729772,30.5087698407305,30.9947633661037
32.5117429195311,28.0122480839519,29.1073012124967,26.6944862727006,31.2406863074054,31.6961196358737
31.4939105413541,28.8042358976179,27.008501252558,25.9449688627545,31.6608567826819,29.7008220460935
30.0170942823123,28.4302762804497,31.3444260219424,27.6395978516138,32.2233666246445,29.9288321084461
30.1495838209391,28.2102472175452,28.0779635738246,25.119506846471,32.5546208090205,28.7636669568174
32.4050355782739,27.654530458502,28.3855652250116,25.7055016534972,32.1392060011255,30.6004236071647
31.5992858416002,29.1068290301225,26.6308373896236,25.2834992331739,31.9332176372406,30.1202353909318
32.3125477888807,28.3072345875699,26.8515718576989,24.7788411873864,32.5368468893397,30.1556661574234
32.9071051007865,28.9414440125274,25.8732507996093,25.1328500650136,32.2869660801889,30.3019837677208
30.3077455439274,28.4861276526907,26.370488247356,24.6041650059079,32.0740213748154,28.4861750632508
32.0684616284403,28.1064768127237,28.6444301919224,26.1514646033479,32.3613470069095,30.306557022829
29.1817522144896,28.1514460935424,27.8371227085932,24.1495239944101,31.6883061748588,29.3324908473562
28.8884515056647,28.3127182078219,27.8520099610486,24.5737735613908,32.2767356602358,28.2026704529087
29.1679517096704,29.031512422833,30.0084906059843,26.0517193687188,31.7303580832995,30.4258772864694
30.0312376283368,27.914203634988,28.3717636765695,25.6547264145111,31.6242571205737,29.0382214048095
29.8488245542478,27.9137064284915,28.2137353663368,25.2621513286862,31.3403838589924,29.3737311613975
28.069100490919,27.9165686682892,27.1382075635379,24.242908193019,30.7036314546043,28.1773370751227
28.6756178610654,29.4845846226804,28.3461712279349,25.9017011729559,32.2906830218007,28.3139895169242
27.9896812754425,29.2608389925194,30.1257724035808,26.0599094887171,33.50186834458,27.8145148382455
30.2511845558417,29.8261444339604,29.0610468741899,26.283337028273,32.6941137542263,30.1609250814928
31.8489822596191,29.6803222049358,30.2108256746384,27.4967338037793,33.7931625133604,30.4502338220536
28.5085305776488,28.3497119570312,29.2428614257871,25.9863092749934,32.8241907585215,27.2906039269523
32.4270647500497,29.1644445963529,29.1540389818824,27.2771191091961,33.6347693385887,29.8336598805002
30.1367194901812,30.197992165846,27.3298298717319,26.0375569589086,33.6269224856639,28.0000620831866
28.0956842943247,30.0231971303923,27.8621925981995,26.0484006964941,32.3993272370004,27.533346089422
31.1966222011128,29.4723464506322,27.6770041481093,26.755343241961,32.5175456162602,29.073083941633
28.7855770665271,29.2495119822941,27.7411812964949,25.6476278456203,33.2947796394699,26.833862860226
29.426960920935,31.6859706250555,27.2999006939106,26.6727115242873,33.2758678812322,28.4642528343816
28.8246052222125,29.8705241172471,27.8293526493344,25.9466881487001,33.2675936698482,27.3102001702457
28.7296220465856,30.9169080891676,27.724630520019,26.9469006622017,32.7253606835719,27.6988993099986
25.2543825893592,31.4248411275909,26.3986401008193,25.5785237793987,30.5095795766109,26.9897604617598
28.2742031276386,30.3778984365685,27.0292545499906,27.1500646567984,31.3952838836913,27.1360075737079
26.3647244890835,29.1028262690802,26.2220188552901,25.6413799948662,30.2928227434027,25.7553668751848
26.5398635458869,30.13698207119,26.2224696067514,26.0996486255201,31.1909925593664,25.6086740389419
26.1141835272106,30.3921968794849,26.544821198896,25.6652394935283,31.1253729135472,26.2605891985161
26.5848432191434,30.2790020926013,27.0122747238675,25.9808249843864,31.4105863011676,26.4847087500582
26.7190848195299,30.3103429442537,26.3946625078115,24.9881123852199,31.7408960914628,26.6950817949123
25.9625975963483,30.5008017569223,26.0696726503051,24.7394751722158,31.3265250891679,26.4670717421919
26.8799350494077,30.3545573292897,26.7709783756109,26.665578492135,30.8657171905597,26.4741750716135
27.5031547613632,29.1762719373407,25.3460873294931,25.9308049600366,29.3308912144042,26.7638178537562
24.7162966366503,30.1372437207848,26.6066285070852,27.087124240511,28.107288768542,26.2657558554672
28.1553245882468,28.4125485869241,26.99694719983,26.6588830754382,30.7585502463101,26.1473870532527
28.4239058111806,29.0560154787617,26.2877613369233,26.899788498809,30.8781748704683,25.9897192575884
29.0640609646196,28.3798660331781,25.8027215178869,25.6936564794778,31.1976615296174,26.3553305065894
26.9013002629684,28.6040399356922,25.0523568757978,25.0727332641114,29.8770747059813,25.6078891043656
27.3691849413445,29.0596573547886,27.0955528149343,27.2287061252795,30.9428021813709,25.3528868044169
29.1201443962469,30.3551242813986,25.9480267765017,26.8997083231947,30.2577832760865,28.2658038548661
28.8443400030672,30.6186349550927,29.479689182144,28.3750817739693,31.5120780567685,29.055504309566
29.2811145805786,32.2588266467698,28.3202634968528,28.615524349955,31.1820483494822,30.062632024764
29.9921007807097,29.5549728030548,28.6128719853297,26.47203132302,33.160144319494,28.5277699265803
29.2414418160179,30.254671351155,28.2409671023389,26.8920008933265,32.4417688293768,28.4033105468085
29.7422915410153,31.7274606113597,30.3445531171277,30.0216873476759,32.651001600489,29.1416163213379
30.648142919663,29.8315264697121,29.5249432998124,27.6860845304568,32.563841161571,29.7546869971597
29.9739187960638,30.7810398491802,29.0549649822904,27.9788810280966,31.841089963397,29.9899526360409
30.0972920691825,29.9519756087509,28.0106346942225,27.5170354209037,31.0629262684329,29.4799406828193
30.2245671682602,28.7843609941561,29.999579417013,28.0073777894754,31.1823829288082,29.8187468611457
32.2161820355013,28.3671471184914,27.0157665597288,26.9503115220582,30.3394518886168,30.3093323030465
30.9021100724913,29.8272860819106,26.9030824154885,28.2168866008312,29.5741288574847,29.8414631115745
30.4943152202526,30.1510261606884,27.4112874427048,28.3971219017074,29.2842855811516,30.3752213407868
29.0072900383913,28.7833667153438,26.4393974544332,27.5450404651504,29.0677476303641,27.6172661126537
32.7806206382527,29.3933292310206,28.5109266764277,29.3261673277924,31.3072184258679,30.0514907920407
31.6441433604694,29.8861392811699,28.9370312638069,29.8801184114293,30.5613152020336,30.0258802919833
31.9668628728234,33.8779549242151,27.2373694465048,31.0810166952867,30.2028900244173,31.7982805238392
31.3583000950769,28.0336414362991,27.861778635441,29.3391968196905,28.3735004272216,29.541022919905
32.72527037382,31.1152014589924,27.9113588896031,30.0953805396442,29.9866393804508,31.6698108023205
32.239347604104,32.7266350249109,29.3069045943275,31.5594725336961,30.3342103968927,32.3792042927535
33.0458826252629,30.7741616939246,29.4377502391033,31.3776421557098,30.4314837929499,31.4486686096311
27.680472913667,30.4524706088628,28.0120852930831,30.3122793453718,27.9644476446595,27.8683018255816
32.0365217782476,31.2539413610353,25.9594794135597,29.5486827037627,30.8548689796913,28.8463908693886
31.1233165497613,31.2295487671851,26.4870976098267,30.3124976304682,29.7979213060268,28.7295439902781
32.408595183495,32.3365904931299,25.0960231645346,30.0614292721658,30.4736374352901,29.3061421337036
31.1011008553442,28.9899262537078,26.2859744468834,28.9298805137438,30.7894151181503,26.6577059240412
31.0592792078615,31.2129776742087,27.9780433905788,30.3161262323172,32.3185594840467,27.6156145562852
30.2954560836792,31.3374893526147,26.7615986746489,29.8887847251743,31.2410201556462,27.2647392301223
32.4848061487183,31.576202197723,25.7026951279818,30.2145642283636,31.6367186167779,27.9124206292816
31.6598260404014,31.5504748082893,26.1125720443319,30.3522775901213,31.6622297130028,27.3083655898985
28.8941320350349,31.7478769532865,30.2158983940629,31.4171189256507,31.653957871768,27.7868305849656
31.6803249885241,31.2873559198515,30.8359563722523,31.3876929220317,33.0816522616706,29.3342920969258
30.2347523330865,30.9003740654031,28.6725661396745,30.6422716631557,31.3820084661561,27.7834124088522
32.9198582933436,30.7375312914383,30.9687873465262,29.8039931997984,32.7182146137974,32.1039691177123
30.0791312572229,32.9976764696205,31.3560243398974,31.5065540061046,31.7284608436266,31.1978172170097
28.6474957399206,33.4671779176193,32.4716058485213,31.4063657575582,31.7296578483494,31.4502559001536
30.5023654061267,29.6641872665136,32.6244204826221,30.7469631584728,31.4267200829268,30.6172899138628
28.3597416550452,28.6873273877969,32.3652559646017,28.8977001213648,31.3340694916404,29.1805553944386
33.3350589020573,30.0963644960636,30.9329536535601,30.146974081176,33.3182337238048,30.8991692467001
31.1703667025964,32.4207445327575,28.7422741040917,29.7386633952112,31.8922809953639,30.7024409488706
30.040860816426,31.9306920566631,29.2735694777229,28.848289075517,31.9178288542205,30.4790044210744
31.6174735323114,34.5109065034193,28.9785687312888,30.6628714316237,31.6826396474967,32.7614376878992
26.8017683722951,34.3761431040641,29.6005947707136,28.5109281306934,30.6885374445841,31.5790406717953
25.3360414671871,33.8631464631374,29.2129046614364,26.3240260711433,30.8328148123879,31.2552517082298
29.1356028825474,35.0407513025942,29.5378391157174,28.7405601229951,32.0724990125392,32.9011341653247
29.0914580390101,34.6743085723666,28.5323889375837,26.87598837465,32.0255306898215,33.3966364844888
28.4871833341442,35.0910112020662,32.9034866447771,28.6344959541099,33.7640671372391,34.0831180896386
31.3145148708026,33.4179842329826,31.2159151995491,26.4687102002346,35.0704864296076,34.409217673492
29.8085961396672,33.238874079916,33.4367989500351,27.0323460149895,35.2701243406008,34.181798814028
36.1323578001147,33.1085416944423,33.4527266966919,28.6999106070383,38.158264771862,35.8354508123485
31.1981367173989,31.8451505731632,31.0237204951943,25.4489761115913,36.1195327236218,32.4984989505433
32.2439096074825,31.3902140986983,34.4795277757634,27.2098801040105,36.7913363010805,34.1124350768532
31.0261389750995,30.5568940016789,31.2978243491106,25.0112474787114,35.107554238039,32.7620556091387
31.9674551451484,31.838669701544,31.9725444914741,26.3215177835849,35.3508514442336,34.106300110348
31.3554366840898,31.5441521359976,32.6947065592059,26.4452164983387,36.5916957042579,32.5573831766967
27.859351834929,31.8793506932667,28.6021549842238,24.90151873371,33.8586444423755,29.5806943363339
32.1126645579561,31.9650633078629,33.4199397305116,27.3048218124147,36.6663728716226,33.5264729122933
26.8206610869911,32.3498257346763,31.8719018325487,25.2078033430519,33.8341194035856,32.0004659075786
25.0280759028692,29.9947874783479,27.6700249461654,23.6959667536509,32.4367555067273,26.5601660670043
28.276349146267,29.7713011502526,32.5126110870845,26.0141960452797,34.4540751327206,30.0919902056039
27.9963189295363,31.5022640847404,33.0069093328554,27.8920168666223,34.0707381049115,30.5427373755983
26.8443992981891,29.6895649081165,32.5104043875138,26.8789742683699,32.9369897275353,29.2284045979142
29.5434670621914,30.619069507979,33.9454218721229,27.7517248703793,35.563346558666,30.792887013248
29.1591993529306,31.2659490648885,33.0305047481669,27.6377076265457,34.8630712431291,30.9548742963112
26.3782546419722,31.0713225500657,29.758737045129,26.0142828263021,33.4473249474412,27.7467064634235
29.4932630624508,31.6671491017127,33.4928726948555,28.4522156814329,34.0585487733198,32.1425204042664
31.4550484434762,31.5526898887801,33.3935573853825,28.9790808751919,34.6121532448865,32.8100615975603
31.9252540591787,31.3067660629174,31.6322123104997,27.0215521485499,35.1075198985157,32.7351603855302
29.0203449066476,26.1538917203223,32.486276514646,25.3779055283415,33.886805490421,28.3958021228534
28.6877038212498,30.6190088401661,32.9806806251659,27.6745624145364,33.9146003468674,30.698230525178
31.2124565255678,27.6304864857704,32.2791814447639,27.0506359074453,33.695957533659,30.3755310149978
28.1354439380563,28.5198509408353,30.6256610787605,27.1802467139579,31.9016516172053,28.199057626489
33.1514951444055,30.3996561059186,31.3389162427734,29.3032956276638,33.0244152922068,32.5623565732268
28.7069911172303,29.4651724127079,31.5251367904807,27.8479607913247,32.9760781849726,28.8732613441216
31.3060871243734,27.5947120639552,29.4112534861759,26.3368862204114,32.0221285947755,29.9530378593177
30.322758974162,26.5886227510631,27.7816694130996,25.5175853363784,30.1576018476839,29.0178639542623
32.5189160949878,29.4106914769523,26.6586856327817,25.9723522707374,31.3316201891008,31.2843207448835
31.921849739923,29.1713476190701,30.5507068840987,26.5913892190562,33.0474168426317,32.0050981814039
29.7698417508443,26.6457516649821,30.6101267037467,24.9048655919997,31.646414319355,30.4744402082184
27.8064364444546,26.4730921570244,28.9957519434726,23.4335504272883,30.4915978361441,29.3501322815193
31.0045780914822,30.7454330214118,27.9384189137305,24.234337590909,32.0248377884579,33.4292546472576
27.1895286329449,28.4803437246952,27.9104218376322,22.9962638794851,28.9800662206166,31.6039640951706
30.7844190567103,28.4755004888987,30.8710001754377,24.828514531554,32.0195943354464,33.2828108540463
30.1507341844281,28.4229514800569,27.7557994248401,23.0937245962754,29.8494269258154,33.3863335672343
28.4998430607734,28.7823359057038,22.6939677494784,21.6935871394602,28.8444361848321,29.4381233916634
31.4705826084137,28.9275114252505,27.6005257088082,24.0007171255545,30.7010129151394,33.2968897017784
27.9268415390332,29.1608965956724,27.2442422911154,22.6546087777119,30.248678459952,31.4286931881571
28.0251038418778,29.1828474280055,25.7315787135256,23.2727638302254,28.348974366983,31.3177917862006
30.1594301624555,31.1964654450511,26.4655117735789,26.2089670528137,29.2797850752909,32.332655252981
28.3844697435513,29.5895652866071,28.1780545738368,25.6894737123933,30.5476922015797,29.9149236900223
28.3480060886954,29.3240138707731,25.8155772429384,24.0908623810106,29.8222461427729,29.5744886786234
28.4225323023902,27.8493511976108,24.2096581752741,23.1238524705871,28.6846166185402,28.6730725861478
28.7260772678345,29.3567254444695,27.8646818868473,25.8885222660142,31.0451299718821,29.013832361255
27.4146351637784,27.9137635330685,26.1367452831306,23.5275057615293,28.4888834316399,29.4487547868083
29.9890177897192,31.8129066857199,29.6822845267241,27.9179079824655,30.192683304262,33.3736177154358
27.0333079727647,29.0473661055635,28.2024938493859,25.0537149352553,28.2106617969839,31.0187911954749
29.6875790746767,26.4470516213105,30.2837926352329,27.0172880150723,29.3260994352069,30.0750358809408
27.4504622811946,25.3990635624686,28.7965031724987,26.656742696062,26.9587889631635,28.0304973569364
29.0208379315417,31.6833822062474,28.2203014354317,28.2163817879867,28.4397989931418,32.2683407920923
27.170216361305,26.58200163003,30.5371074264033,28.4949328041025,27.461034915644,28.3333576979918
29.4243176414651,27.1152057899795,30.3467288383089,29.5749586003411,27.8053858148485,29.5059078545638
29.5406957795827,27.7906935358309,31.5846628286767,30.3825973738016,29.3262000306398,29.2072547396491
27.1517092917333,31.1701361985461,28.066791639239,28.8916689572997,28.7968894484103,28.7000787238084
25.4159647288127,30.1659860496242,29.8167464083199,29.177257310288,27.8519221841908,28.369517692278
25.6428051082807,31.5895398026915,30.019337692934,30.1732913422863,29.2120324675718,27.8663587940481
28.0692198924922,30.8789851421183,27.4229520966986,30.2924692522098,26.6987635018577,29.3799243772417
25.7564266594776,30.4421765392664,27.51869385905,29.7797090571062,26.7238633813737,27.2137246193141
25.1582486171909,27.4891236773061,25.7758567935936,26.10608593262,26.4764379120293,25.8407052434412
23.320708020552,25.49954514912,28.2815250277275,26.4387684197142,25.2667224068317,25.3962873708535
27.5223590561597,28.7120499251907,26.2963142322466,27.8671393571748,26.5862599272952,28.077323929127
22.4048262788642,24.3243713972849,25.1478075340365,24.8352358222396,22.9998275792101,24.0419418087359
25.142425486263,25.1152343521303,28.0257381471746,27.0414884558972,24.1133219107508,27.1285876189198
25.5272971431734,24.1974216605923,27.937411870437,25.3967624683174,24.6009590507089,27.6644091551764
25.77662202892,24.8062464134736,28.7930065695854,26.3569135062818,24.8939404511194,28.1250210545777
23.2096769317377,26.2794669614197,28.3619155581672,25.4269131576266,24.3245833574265,28.0995629362715
25.7589633592346,26.8622449365196,28.121105307306,26.3645813661702,26.6510591838437,27.7266730530464
26.4868317253755,24.1818748955728,29.5123604715853,25.192448123601,26.9485106634338,28.0401083054988
27.5812001795069,29.2196729926637,30.1794861278095,28.1442274661821,28.1402467367438,30.6958850970542
26.2355775913311,26.4219346020096,28.5211344134263,26.2584615932335,26.2532487475622,28.6669362659714
28.7060413605459,25.5988965632783,28.2498092042005,25.545511481028,27.4264229901846,29.582812656812
26.1576272795139,24.8401528181718,27.6257889204358,24.5939415545712,25.6280798592954,28.401547604255
28.0877239341909,24.0459722929113,28.293313335453,25.0368094243854,26.3657042863492,29.0244958518205
26.1944278026919,26.6284248578975,30.6243972327224,27.5766321526984,27.3176738981986,28.5529438424147
28.0827524276422,23.7235011391386,29.0507959123499,26.4251131357984,26.7325021864911,27.6994341568412
28.3872907150141,28.0646816975295,29.4996827076707,27.8593708651051,28.0078322444219,30.0844520106873
27.1738576664791,27.6441545449577,29.4112556600249,27.4860066464187,27.309706493428,29.433554731615
27.0348745974304,28.471136979529,29.0578944505854,28.2790393717168,27.435148327257,28.8497183285709
27.9686318167791,29.5439489978409,27.7680142201973,27.3266647427928,28.1113596903419,29.8425706016826
26.3171507730282,27.9425607517402,29.3347244032357,28.6671077150474,27.1056360982272,27.8216921147295
24.034787928322,27.9067350673378,29.5128358328284,27.7881250581912,26.5985805675697,27.0676532027273
27.2048916177786,31.1322898569679,28.1557916938809,29.7935074882076,28.4123995717704,28.2870661086494
27.1422781115791,30.8624150960498,27.0799063972051,28.8697777224184,28.0651956352398,28.1496262471758
26.9048581972418,30.8516849940076,26.9272302052584,28.8065435514539,27.8168669411084,28.0603629039456
27.0752628385616,30.8637272390467,26.9701380956165,29.4865414441927,27.262966826695,28.1596199023371
27.7953655744748,32.2224165130519,28.5485896594746,30.5256049479794,27.8427382026572,30.1980285963648
28.7825852410997,32.0422377172116,28.122372036339,30.9674061592805,27.910236385694,30.0695524496757
28.7090737524452,30.794592796586,27.3497844218879,30.2294979888716,27.6086710359155,29.015281946132
28.3186494109716,30.6862733752781,27.7800238075392,30.3445906601584,28.1306093292169,28.3097466044135
23.5880477704624,31.0925870474635,27.6883551542354,28.9120966018107,26.2045183386818,27.2523750316687
25.8455267148291,30.041787980266,27.8353246858607,29.651711835057,26.7546162672923,27.3163112786065
25.9857209848872,30.4324205657349,26.7534689778512,28.2622171732223,26.5635466957655,28.3458466594856
25.0723507999024,29.6616014602556,25.710066655386,27.5990782691521,26.0106521288429,26.834288517549
24.0867564631809,30.3624246052472,26.5989001975706,27.9743780792727,26.4063081260612,26.6673950606648
24.1372680048739,29.9925447163594,25.9529166216618,27.2668211440783,26.24725524299,26.5686529558268
20.4970284903943,30.2128323983066,23.876875172407,25.6941402785143,24.0967264656381,24.7958693169555
20.3089229498809,29.9184394671198,23.2392399463843,24.744234256035,23.9867405975008,24.7356275098492
19.9781979932279,29.9067530754273,23.0382432123192,24.9605825463075,24.6142947704284,23.3483169642386
19.6238420719161,29.9605126312282,22.44039583719,24.7624242134945,24.0593082662226,23.2030180606172
19.906059027834,28.4602771487123,24.081363194839,24.2842394845342,24.9576779097699,23.2057819770811
17.5193456166621,27.9624507981175,24.9155392826572,23.021826992969,24.9841464198788,22.391362284589
18.3639006956399,29.8750390170794,25.7335416581977,23.9965441612223,25.4851879329648,24.4907492767298
20.1631743292862,25.8965757263961,24.4955393954407,22.1086824341483,26.1197479734558,22.3268590435189
22.8800087363571,29.3879082512269,27.7368578793541,23.0936358408129,30.2296601913622,26.6814788347629
29.160260305899,29.3396746527142,27.5445544373382,25.0974110460444,32.4053242452136,28.5417541046934
27.5350830269261,29.1216175420479,28.384189847459,25.0461593777617,31.7825969452878,28.2121340933835
31.0094318351944,29.0052178803119,26.5954035804021,25.9142578331865,32.0310956168614,28.6646998458605
23.0132802440618,30.7468837726292,26.1143744012111,23.7712047554973,28.9426023501801,27.1607313122247
24.0161480568929,31.5493200851111,28.5330750845157,24.6031520035215,32.0934148551209,27.4019763678773
26.1813623320115,30.9932286211788,27.5381476833952,26.5122110004214,30.654988069367,27.5455395667971
23.7225718632625,32.751703733264,23.0677972331007,24.0141030220626,28.7582671282697,26.7697026792948
26.1274470613511,32.2888215142081,26.8349236066906,25.8055904334865,31.4884960923264,27.9571056564369
27.4240928802478,30.3958729938182,28.1293415753847,26.3657171309917,31.9411176962109,27.6424726222481
27.8182188301242,33.7021763700709,28.9972365786713,27.3161571734275,32.2954983869596,30.9059762184793
27.028542827092,31.5654418222003,29.0314383593483,25.1573538249084,33.116825464167,29.3512437195652
22.3603937334915,32.034360482521,28.6578015645039,24.1743416853372,30.4216027299651,28.4566113652141
25.16456067272,33.3269165066444,27.0453417852363,24.4237063797715,30.714295980111,30.3988166047183
26.4331842556443,33.5829766323593,25.9013131006283,26.2208769482731,32.4672147968039,27.2293822435549
25.9381792279935,32.3415937312077,26.5631668568303,24.8174996090302,33.2758233653612,26.7496168416401
25.6194331561654,31.2647990049498,28.6076847900588,24.6734174435516,34.0670985196742,26.7514009879483
29.3458959352368,30.6724056318858,28.2318687852544,28.81155924739,31.2823849979883,28.1562261069987
30.1749533384405,33.0569093966863,30.9395021102191,31.5257814642178,32.3754676097557,30.2701157713724
31.0953911725315,32.9760569119271,29.7424171866428,30.6379177245043,32.0570333279306,31.1189142186666
27.3175232044405,30.913180310421,31.2035157117302,29.4466822204622,31.5889064241676,28.3986305819618
31.8526149829034,33.018344702153,30.0899349869264,30.8352225279505,33.1332233167873,30.992448827245
32.800819637275,35.2202005354615,29.0262112849019,32.0446656179191,32.5208265776928,32.4817392620264
31.5723909480415,34.1578925584033,28.8603116927476,31.7065327884915,32.4735671578668,30.4104952528341
31.2285926000509,34.9155021185592,30.2949147338518,31.7616152182657,34.2158927515408,30.4615014826554
27.1678135766481,32.7465037859805,23.4428644109801,28.4167341199508,30.5534714837385,24.3869761699194
29.3785152391329,34.2513521163619,29.1210485235336,30.7012012129397,33.8767288393874,28.1729858267014
34.3699191433098,34.980974802377,29.0171919776835,30.4422256721803,36.4763534001907,31.4495068509992
30.9166548973687,32.3889306054756,23.0845745430684,28.3528057504647,29.8890076612961,28.1483466341519
31.5825197942293,34.4083735180996,23.8797011323283,28.815067606445,32.7754759417589,28.2800508964534
30.6883695076302,33.2451384639552,26.5190504309564,29.550480050468,30.7224172417681,30.1796611103057
27.4936979627856,35.1083662869126,26.8501737352006,30.6471560119573,31.7619090010993,27.0431729718424
30.1873573442939,34.7711071751854,26.6419290881326,31.0222029257071,31.8119716115926,28.7662190703122
27.9238058003721,35.2908780314416,25.7322957969871,31.2369914598506,30.9873844392321,26.7226037297181
30.0157111509755,33.6092745070514,24.8712262974345,29.4608639534081,31.4774276052979,27.5579203967553
30.7388816845703,34.1002236668966,23.6088076276988,29.0143266436751,32.2025440786424,27.2310422568483
33.8679913378076,34.4268338064676,25.0457385405798,30.8320712981971,33.178507431309,29.329984955349
29.3681296335257,34.76685439642,24.5870658588344,29.3463917778051,30.6067284479361,28.7689296630389
31.1217989968959,30.9135075844105,26.4691659897822,29.3682459629167,32.1271432723799,27.009083335792
33.1844577840065,32.8686388418151,27.2662076543263,30.6557179108746,33.8509755713099,28.8126107979635
34.1790524310868,31.1281402277941,26.2167359116223,30.0570076110999,33.1436832699057,28.3232376894976
33.0454648340459,30.6228543856119,28.6934990606073,29.9628020697653,34.7502474060132,27.6487688044866
30.5911542900535,29.7628018062988,23.733058951057,28.2252615778791,31.4330060021024,24.4287474674277
31.6649566558973,30.5328561011674,25.5288720758618,29.3375836999374,32.4194717089244,25.9696294240648
32.9749141726257,31.8437712745764,26.087433301817,30.3497518764443,32.1700908649766,28.3862760075982
31.0901683449811,32.5033682193142,23.8821960655943,29.0538153324095,31.5626227389363,26.8592945585438
31.3303786753804,33.4685388172909,22.9706755973346,29.2947675564332,30.8373342440922,27.6374912894805
31.9092637246872,32.3563822431806,25.2909275653976,30.0525966913789,32.1149107626752,27.3890660792112
31.7683935683222,30.2383920518767,24.6963623766986,29.1936891248376,31.6276444063006,25.8818144657592
31.773722517599,31.7977454101948,22.1774704841153,28.6399028481914,30.2960406938389,26.8129948698788
32.590900765947,31.1855140595204,24.7719211063622,28.6989848650018,31.3559518745771,28.4933991922507
33.1799188868046,29.6514408044054,25.2003624008869,29.4411827249483,31.4481818531647,27.1423575139839
32.1537195296586,30.1794392134645,25.4116118348035,29.4929522345906,31.0029770780494,27.2488412652865
30.8389237107056,31.0549714247849,23.4920915329527,29.4196233204726,29.5289912921172,26.4373720558535
31.3368325517851,32.2393757830267,24.3600115643956,31.0992674983376,29.6018710958996,27.2350813049702
31.8968164228185,32.974121650809,24.3516092068732,30.7230631059876,29.4965991139608,29.0028850605523
31.7418755318803,31.6452449286558,23.544435401139,30.0616078788807,29.8413322180965,27.0286157646978
31.5004174299121,30.149163895988,26.5675407848893,30.0577429419314,31.317752024888,26.8416271439701
32.8620042443551,31.3335725824224,24.6050634279602,31.4096399691311,29.6406761916081,27.7503240939985
32.2699137090972,33.7642026782843,22.4103192509986,31.5984093796531,29.8211290252601,27.024897233467
28.6605724656413,31.3765624812133,24.8326400814807,31.5328595138559,29.326412317238,24.0105031972413
33.7984242401729,34.611147961169,23.3948839074267,31.4582908265271,31.7361504836994,28.610014798542
29.6834083954653,31.9571184066115,26.8279406734715,30.7271581132845,31.5307647334858,26.210544628778
29.4284743433639,33.1117268616925,29.9270833811354,32.7989583225264,31.8475873351302,27.8207389285352
33.4013992486775,30.7719352284997,23.0055786701304,30.7764443321373,29.7607173659924,26.6417514491778
29.8861583534667,24.5169792414885,17.2452033620508,19.5080975882644,32.3114193380512,19.8288240306904
31.1057184961202,29.0638385852477,23.2397643054399,24.7851574498116,33.495479864042,25.1286840729541
27.5314057958143,31.1898179737186,25.2900542673577,26.2713423058822,33.8468409723322,23.8930947586761
34.2731232281467,32.3533030061098,28.460640860484,29.8993876899823,35.6020661636969,29.5856132410613
28.2110792592481,29.0926321340781,26.1894202863417,24.1755578904882,34.268632673569,25.0489411156108
28.4431295007541,29.9262426051772,24.9781505906785,23.3011459853085,34.3453972696393,25.700979441662
30.0326610620413,29.1977451511561,23.9083567856181,23.9246812347291,33.7666445338286,25.4474372302579
27.6922788048101,26.8639542897235,27.4116324851008,24.210329019885,33.7967537955636,23.9607827641857
31.8934494711027,29.4870747064842,24.856616212072,26.3641062067195,34.4644381585531,25.4085960243864
26.2115473158389,28.5832692475014,23.7456417831787,23.2274945949709,32.7607744485522,22.5521893029959
27.3571737584061,27.4546970904987,25.2198681664622,24.6087317898319,33.2588701790106,22.1641370465244
29.3795011608224,27.6862233530266,26.9124043686622,24.6181037559798,33.8860384317374,25.473986694794
28.7150872955978,30.332410867663,22.7599285192665,24.9228937713089,33.1173300523276,23.7672028588908
31.3067653046037,30.3949131221175,25.082168108867,26.2346954911572,35.1009275549951,25.448223489436
30.0016482850086,28.8578311565034,23.5913404047585,25.1395234281785,32.9546226415603,24.3566737765317
29.7701690057466,29.9770934571752,23.5329303676958,25.5697361889512,32.4063873859899,25.3040692556765
29.8408123116046,29.7739935798432,23.9436981171441,25.0446307816137,32.58472793554,25.9291452914382
28.9935565069027,28.9727202395453,23.555346035092,24.4188065416789,32.8159867890225,24.2868294508386
30.2501039507182,29.7043236151928,23.9831873487903,25.2395853625658,33.0300861654637,25.6679433866718
28.7619560999808,31.5135415810652,22.4012650903116,26.1350187062659,30.6240344698804,25.9177095952113
27.4817959885827,31.9433601490076,24.4234128258342,26.7178550229249,31.1826328398577,25.9480811006418
30.3014005889415,31.4801868688771,22.4117876958645,27.2822358030861,29.6605767121311,27.2505626384659
28.9913419476461,32.3942141163172,25.7492951603884,28.3110589465645,31.0718609051051,27.7519313726821
30.892398416784,31.8845923948615,26.1584108450035,28.6152461214981,31.2369206388612,29.0832348962897
30.8683862530917,32.9514115305305,24.0308439706923,28.1278083004135,31.4011858425281,28.3216476113728
33.0552395799931,31.0203147860557,25.6131033282346,27.3179859460462,32.4476722546847,29.9229994935526
32.9546849127502,33.6173929422548,25.2600548231084,28.3859235104905,33.3711565709248,30.0750525966982
33.0326400947059,33.6215733426901,23.8371325309335,28.9015980461687,31.1754099271263,30.4143379950347
32.3917162460444,34.4453856880243,25.9882615707918,29.2184628376298,33.0020720500822,30.6048286171485
31.996182775,34.077853935009,22.2944289327612,28.408489185912,30.1353196188675,29.8246568379907
32.5085853963069,34.6330799936698,26.9586796430772,29.9784754505399,33.2786307376185,30.8432388448955
31.7420640993557,33.9183464891879,27.332753019884,29.5546807309328,31.6551456980065,31.7833371794884
32.4407454973966,35.8866159235932,23.7099465567584,30.0989757416259,30.4156642406955,31.5226679954268
31.9259410473912,33.7283341291528,23.8779962189488,28.481913519745,29.4921349856798,31.558222890068
29.8813550940207,35.5580091379313,24.1003997247918,27.9602808335481,29.491533909852,32.0879492133437
30.9074528630784,35.8619158547152,23.0589488404874,27.7181179206117,30.6931713207872,31.4170283168822
32.525341354877,36.1491491679427,22.8361631109257,30.0346298644107,30.3266420385386,31.149381730796
31.9672189058396,36.4417630324364,26.8894639298568,31.6619445682442,31.3727650531263,32.2637362467623
31.3261338263804,35.1235697460675,27.5734307878136,30.8648559274827,29.5021757793927,33.656102653386
31.0863212643474,34.2017506725658,27.794955465173,31.1151790829677,28.737149932346,33.2306983867723
28.3142861642902,34.7951202644107,26.5826342395801,28.5872621700546,30.25038618792,30.8543923103064
28.8171998801687,34.8165651344683,24.5996292791271,28.4301783594822,29.0553237893401,30.7478921449418
31.8479066225315,34.1846455314218,26.1998268577486,30.1620958592894,29.2369152153923,32.8333679370203
32.172987485506,35.232232264051,25.2865337427251,30.7281355885281,29.1751705728932,32.7884473308608
32.5150571343881,34.3387216892231,28.8457100790673,31.9748278541119,30.3643525846968,33.3603084638698
30.109624033044,34.8777587694945,27.4764817918714,31.740906778521,28.1455282494517,32.5774295664372
31.8978404066066,36.4643287667223,29.2268990619606,34.0429469732342,28.683327750917,34.8627935111383
27.8474098913331,35.171212375413,30.0437790051196,31.9356344663007,27.6827275750341,33.444039230531
25.2861004849864,35.4530993592917,29.9495808287904,32.1728334327861,26.2807117587378,32.2352354815446
30.3017358918614,32.5745308406003,30.883949785117,32.0278755188071,27.7637187018687,33.9686222969029
27.5205845991812,32.0230413051757,31.8700815508533,31.4249104738944,27.0992963525007,32.889500628815
26.7869274442603,32.4545399371291,29.0651854223098,29.5537619113874,26.6624520547912,32.0904388375207
27.1826899174354,31.0760919945422,31.5457626939225,30.0065558900687,27.2060335472153,32.591955168616
28.0558418489298,28.7365709354403,30.6073606539756,29.1853647194424,27.2526499155519,30.9617588033513
29.0967028850267,30.4538396584977,30.5502036287094,28.6840470078495,29.3334520633065,32.0832471010779
26.6604076137138,28.8565006753501,30.0163422791238,26.0870806660103,28.7059225943199,30.7402473078576
24.8240415247693,29.3681763897883,31.4398196503042,27.927644753289,28.5713684366789,29.1330243748938
21.5772802413152,30.2565248452784,27.8989418881869,24.4675032368444,27.5779896960686,27.6872540418674
21.4295462726935,31.146553176568,30.061391630571,26.4006052216942,28.7196536894567,27.5172321686816
20.2398229221975,28.4574262537125,29.969909732202,25.4130570588521,27.1893665589065,26.0647352903533
23.8970572814843,26.751358870579,25.0171519398897,23.3646457616989,28.3350207140723,23.9659016161817
21.1510110607341,28.3093743989174,28.5970765219173,26.1126438833326,26.6724694784734,25.2723486197628
21.4292125170235,29.1278621180968,28.2533613079409,26.1906774350026,27.2121364180471,25.4076220900115
22.6234458997986,28.2712107985172,27.3078896867106,26.5672161357772,27.1160014760408,24.5193287732085
21.6992820962797,29.2593735157793,26.4038300182624,23.9606613964599,28.0047315856899,25.3970926481715
22.2437061603991,30.5944878622034,28.6637359997893,25.8592514923919,27.6785934301433,27.9640850998566
21.7551432686494,26.9437706248521,27.4328047995071,25.1953120642481,26.2787991307693,24.6576074979911
23.9227306996538,28.1419211933245,29.8327362199534,25.212379888951,29.4447016626915,27.2403065612893
24.067893704285,30.3685111081027,29.3248926172344,26.0607586237644,30.4043168060212,27.2962219998366
26.8290677613177,29.4556781724624,30.4899329803302,27.1020256912398,31.9850741442106,27.6875790786599
26.4903952482945,30.5105208650952,27.8220751328326,26.5581256461608,30.2989777165873,27.9658878834741
26.5069936944626,30.5419257243922,25.5606778221423,26.6739724083191,28.2243787913369,27.7112460413411
27.0574500269715,31.2524720501227,28.4739147588883,27.0975316233374,31.021420411379,28.6648848012662
27.2247802578248,27.3516007814056,30.1803473245925,25.8148098858579,31.601962738748,27.339955739217
25.3131229868656,30.0672184092915,31.0712046707607,25.9099821616826,32.4667496817911,28.0748142234441
27.3570604540458,28.7040372752011,26.0966294092668,25.0522637461543,29.5348103370224,27.5706530553371
25.9739857643247,30.5114541536412,28.5979322625162,25.4888775321031,31.3790112443959,28.215483403983
28.0368561806969,29.4302537955251,32.2680619670045,27.216387127251,32.5532693165217,29.9655154994538
26.0333382652617,29.5154107835401,28.4285865716068,25.0683340680909,30.4556931309002,28.4533084214175
25.9340052294138,27.8771656644622,30.543197447367,25.3250614392609,31.1479596309676,27.8813472710145
28.0974478234904,30.2746985426125,30.0235709978479,27.914235888152,32.1642083094675,28.3172731663314
27.8610733293482,27.5948533923949,27.9492087528583,26.2148638354469,30.7511976749909,26.4390739641635
26.8521593052758,27.3801332856039,27.7778895806827,25.6484990978795,31.0720870942723,25.2895959794106
28.5705714769735,32.488377825256,30.5996205915122,28.3536136464872,33.6947004387496,29.6102558085049
26.1178939146774,30.1097648116433,29.7955281686218,25.7297726224264,30.5668224174072,29.7265918551089
27.7604124270156,28.5458933643753,31.3440418190704,26.7128665175746,32.6315144408332,28.3059666520535
29.3682118580005,29.9755636016585,25.5390297625051,26.8087557997564,29.7329138321983,28.3411355902093
29.4544070971384,30.9740463378898,28.6624045362063,27.2869592310148,30.4904260605337,31.313472679686
28.7491627775233,31.8905335888633,28.9361973466901,29.354742833051,29.5599131123501,30.6612377676756
30.5781977928629,31.1254998316542,30.8275572397143,30.162956051882,30.1655262579173,32.2027725544321
27.2729512806659,28.1992348566076,27.0928753159142,25.1457076566022,29.1055971377187,28.3137566588668
25.6183708624036,30.1036513632809,28.6998484717217,26.8522253378285,29.2911854646983,28.2784598948794
25.2538201577223,28.9355305598256,27.4129473124557,25.690757865279,29.2305529039468,26.6809872607778
24.979854938442,29.7560569778966,28.4284328478516,26.7790942028161,29.2062895962957,27.1789609650784
29.3154511803241,30.4583022286583,27.5610403167716,27.4963511125566,30.2768834072538,29.5615592059436
31.6401875141194,28.0914983457574,28.5721008414872,27.4635935542131,30.6300361555265,30.2101569916245
27.5340268922996,30.3856979742636,30.6721858551204,28.402018173296,31.1712803194935,29.0186122288941
27.6399259009933,28.0896827563646,29.7165872847985,28.2233694132807,30.4126470681524,26.8101794607233
27.4154801636014,28.5671921870394,27.9806118395855,29.1618556917369,29.0323249754657,25.7691035230237
25.8477505390778,25.611253754084,31.9633108288776,28.4009870008995,28.3932689883433,26.6280591327966
27.6174586928822,25.2278312012502,29.317010727925,28.0849511481701,27.2099813208181,26.8673681530693
27.5742027047629,28.2473547381142,28.77008515032,29.3353855621556,27.7462095609492,27.5100474700922
27.641581109329,30.7230701244555,25.7891417998317,29.6175617791392,24.8349249483171,29.7013063061599
27.5515780340774,31.3672850524501,28.7637016693419,31.2982643246772,26.017049108189,30.3672513230031
28.1838713429751,29.7780501272975,27.0171472806946,30.0105229494862,25.4737321716471,29.4948136298338
26.158517958156,29.4215780989353,27.3235028424374,29.4884560868641,25.0715115605213,28.3436312521433
26.4611496587393,30.005624048255,30.0329596384901,31.2276391672517,26.1703146093492,29.1017795688836
25.9529185167975,28.9017716550155,27.1366890016281,30.5836099461012,24.5731142125736,26.8346550147663
27.4769545566771,27.8100722480143,26.5684199855741,27.8021824462854,27.6487445533523,26.4045197906279
25.1590218946889,27.0860861322281,26.2664149241012,26.6911715639699,26.6392652720322,25.181086115016
28.4657944500001,27.355953879165,27.4397638164266,28.3002022955082,28.297617875892,26.6636919741914
26.5647187346742,28.1063698230672,28.6442910015804,30.0206787603827,27.2832914636696,26.0114093352695
25.5107798208055,27.9631703537198,29.0419522164829,29.4838706546869,27.7575932341921,25.2744385021291
26.7260870396154,31.4296339994964,23.9414318911378,31.1114310132813,25.4062669806326,25.5794549363356
31.6009800845329,32.0923268706644,26.6440637486934,32.9383816877752,28.3568745752269,29.0421144408886
26.4567931827718,30.2193836601448,26.0967684613396,31.3298456483804,25.5521814335647,25.890918222311
27.2766795464597,29.5587546133332,27.9316833094037,31.5325914346271,26.9926782866098,26.2418477479597
25.8300608817649,32.0362102346823,25.9824072683548,31.4522914850725,26.4418461195308,25.9545407801987
26.615237665899,29.8264917967461,23.0444113721708,29.4542953501107,26.4348852458886,23.5969602388166
26.1121452443306,32.896873360294,29.6460709202125,32.9645633295266,28.6761991193265,27.014327075984
27.6305909802981,32.1415348276991,26.0130924267302,32.0161002516918,27.875358822363,25.8937591606726
28.866145064647,32.327628783219,29.3360034767414,33.4972131060046,30.8899831448263,26.1425810737765
26.6484778763464,32.3295794637333,28.735509545219,33.5823287142128,29.1585155889872,24.9727225820987
31.3482325703872,31.6322366139103,29.8153729309694,33.565292871464,31.9733844759521,27.2571647678508
31.2905512269563,30.8288356844758,30.0978128308687,33.0943851688685,30.7540605497288,28.3687540237035
